업종별,BSI_CODE별,항목,단위,2009. 08 월,2009. 09 월,2009. 10 월,2009. 11 월,2009. 12 월,2010. 01 월,2010. 02 월,2010. 03 월,2010. 04 월,2010. 05 월,2010. 06 월,2010. 07 월,2010. 08 월,2010. 09 월,2010. 10 월,2010. 11 월,2010. 12 월,2011. 01 월,2011. 02 월,2011. 03 월,2011. 04 월,2011. 05 월,2011. 06 월,2011. 07 월,2011. 08 월,2011. 09 월,2011. 10 월,2011. 11 월,2011. 12 월,2012. 01 월,2012. 02 월,2012. 03 월,2012. 04 월,2012. 05 월,2012. 06 월,2012. 07 월,2012. 08 월,2012. 09 월,2012. 10 월,2012. 11 월,2012. 12 월,2013. 01 월,2013. 02 월,2013. 03 월,2013. 04 월,2013. 05 월,2013. 06 월,2013. 07 월,2013. 08 월,2013. 09 월,2013. 10 월,2013. 11 월,2013. 12 월,2014. 01 월,2014. 02 월,2014. 03 월,2014. 04 월,2014. 05 월,2014. 06 월,2014. 07 월,2014. 08 월,2014. 09 월,2014. 10 월,2014. 11 월,2014. 12 월,2015. 01 월,2015. 02 월,2015. 03 월,2015. 04 월,2015. 05 월,2015. 06 월,2015. 07 월,2015. 08 월,2015. 09 월,2015. 10 월,2015. 11 월,2015. 12 월,2016. 01 월,2016. 02 월,2016. 03 월,2016. 04 월,2016. 05 월,2016. 06 월,2016. 07 월,2016. 08 월,2016. 09 월,2016. 10 월,2016. 11 월,2016. 12 월,2017. 01 월,2017. 02 월,2017. 03 월,2017. 04 월,2017. 05 월,2017. 06 월,2017. 07 월,2017. 08 월,2017. 09 월,2017. 10 월,2017. 11 월,2017. 12 월,2018. 01 월,2018. 02 월,2018. 03 월,2018. 04 월,2018. 05 월,2018. 06 월,2018. 07 월,2018. 08 월,2018. 09 월,2018. 10 월,2018. 11 월,2018. 12 월,2019. 01 월,2019. 02 월,2019. 03 월,2019. 04 월,2019. 05 월,2019. 06 월,2019. 07 월,2019. 08 월,2019. 09 월,2019. 10 월,2019. 11 월,2019. 12 월,2020. 01 월,2020. 02 월,2020. 03 월,2020. 04 월,2020. 05 월
전산업,매출실적,전국실적(2009.8~),,87,92,96,95,100,100,101,102,107,107,104,107,102,99,101,101,100,99,95,97,103,101,102,98,92,94,95,93,91,88,89,92,92,93,91,84,84,81,79,78,78,78,80,80,83,83,83,82,81,82,81,83,82,83,83,83,86,84,81,81,80,80,81,82,83,84,84,83,88,83,74,79,78,79,81,79,77,76,75,79,82,78,80,81,80,81,80,84,86,85,86,88,91,87,87,87,86,88,86,89,90,87,86,82,84,87,87,83,82,81,80,83,81,80,78,79,81,80,79,77,77,76,77,80,81,79,70,57,55,52
전산업,인력사정실적,전국실적(2009.8~),,95,94,93,93,94,93,92,90,90,90,90,90,91,89,89,90,93,93,91,89,89,89,88,90,91,90,91,92,92,93,93,91,91,91,92,87,88,89,89,91,92,93,93,90,88,88,90,90,91,91,91,91,91,92,91,91,91,91,91,92,91,91,91,91,92,94,93,91,91,91,92,93,91,92,91,93,91,93,93,92,91,93,91,91,92,92,92,93,92,91,89,91,89,89,90,90,91,89,91,90,90,92,93,92,92,86,86,87,86,87,87,88,90,89,89,88,88,88,90,89,89,89,89,89,91,91,89,91,92,95
제조업,매출실적,전국실적(2009.8~),,90,98,101,100,101,107,107,111,118,116,114,115,112,106,109,109,107,106,104,109,114,110,108,104,97,98,97,97,95,88,93,94,95,96,94,88,87,81,82,79,78,80,82,83,87,91,92,86,86,86,87,88,86,88,88,89,93,90,86,84,82,81,84,86,87,88,88,89,93,83,76,77,79,78,81,78,77,77,74,81,83,80,81,83,81,79,79,84,85,86,87,90,93,89,87,88,87,89,88,88,89,86,83,78,82,86,88,83,82,81,79,82,81,81,80,81,84,83,83,78,79,77,78,80,81,80,71,61,58,48
제조업,수출실적,전국실적(2009.8~),,90,95,96,97,98,104,105,108,112,111,110,111,113,109,108,108,103,106,105,108,111,106,107,105,98,97,99,99,94,91,98,97,99,97,97,92,91,86,88,84,82,83,85,90,92,96,96,93,88,91,92,91,87,90,89,93,94,92,88,88,84,83,85,86,88,90,92,92,93,85,81,80,82,81,80,80,78,81,77,81,85,81,84,84,84,83,82,87,86,88,89,90,93,90,89,89,87,89,91,90,91,90,88,81,86,87,91,85,90,87,87,87,85,86,87,86,89,88,88,84,86,85,85,83,84,85,76,68,60,51
제조업,생산실적,전국실적(2009.8~),,93,98,101,101,100,109,109,112,115,114,113,113,111,104,105,106,106,106,104,108,111,107,105,103,98,98,99,94,94,89,93,95,98,97,95,90,86,85,85,86,82,85,88,88,93,92,94,90,88,89,95,91,90,92,92,94,96,95,91,90,88,89,91,91,91,95,97,94,96,90,83,84,84,83,84,86,84,85,81,84,88,87,86,88,87,84,84,88,89,89,90,93,93,89,91,90,88,92,88,89,91,89,88,85,88,90,92,87,86,85,86,88,87,87,85,89,90,90,88,84,85,83,84,86,86,86,81,70,64,56
제조업,인력사정실적,전국실적(2009.8~),,95,93,91,92,94,92,90,89,88,86,88,87,88,89,88,90,92,92,91,88,88,88,89,90,92,91,93,95,94,95,95,93,93,94,94,92,94,93,94,95,96,97,96,94,91,89,93,96,95,94,96,97,97,96,95,94,93,94,94,95,95,95,94,94,95,98,97,96,96,95,98,97,96,95,97,97,97,98,99,97,96,99,98,97,97,96,95,98,96,95,95,95,94,95,94,95,97,93,94,94,95,96,98,97,98,91,91,91,90,91,92,94,96,95,97,95,94,95,94,95,96,96,96,95,98,99,97,99,104,109
식료품,매출실적,전국실적(2009.8~),,109,113,110,107,109,117,117,110,117,114,111,108,106,111,106,108,102,103,95,102,113,107,107,113,106,119,113,110,109,106,105,110,108,99,104,101,103,107,107,100,97,110,102,99,91,101,100,99,99,102,95,101,99,102,97,99,92,99,89,90,98,100,98,98,92,106,96,95,100,97,85,92,90,92,96,94,84,91,89,93,93,92,90,99,100,96,97,92,86,83,86,81,91,91,86,92,87,90,98,95,101,101,99,94,94,88,93,87,91,93,94,92,89,107,93,84,92,93,96,90,81,93,81,97,95,99,81,81,77,81
식료품,수출실적,전국실적(2009.8~),,100,102,100,98,98,100,96,100,98,92,96,93,98,90,100,102,107,98,100,117,115,108,116,111,113,111,117,117,108,112,109,112,108,98,98,95,95,92,86,92,89,102,92,92,90,95,90,91,89,92,85,89,90,102,95,103,90,100,100,97,100,93,93,93,96,102,105,94,93,91,85,85,94,98,98,104,100,96,102,93,102,102,93,104,105,84,98,98,86,87,102,86,93,88,100,96,98,84,95,94,93,100,98,84,102,93,102,95,102,91,88,86,85,95,102,105,105,100,111,105,98,94,98,102,106,104,88,82,81,98
식료품,생산실적,전국실적(2009.8~),,112,111,107,108,105,115,110,104,109,119,109,112,108,104,106,107,105,101,94,95,111,111,104,109,106,119,106,108,107,111,106,112,109,101,104,109,98,113,110,110,105,109,105,103,98,104,101,99,99,112,100,109,100,102,94,101,101,106,103,92,101,104,100,98,101,105,100,94,99,106,96,99,99,97,99,101,93,98,93,96,95,93,92,101,106,99,94,96,93,92,89,92,95,91,85,103,92,97,96,94,106,100,103,99,105,97,96,89,98,98,91,98,101,100,93,93,98,101,101,90,94,98,93,104,104,102,93,92,88,86
식료품,인력사정실적,전국실적(2009.8~),,95,91,91,93,93,96,91,93,92,89,85,88,88,86,82,88,85,89,92,93,91,87,88,95,86,90,92,88,93,93,92,97,89,94,89,84,93,82,82,88,87,87,92,93,85,83,83,88,89,87,86,85,90,96,93,91,87,84,92,91,89,93,86,89,95,90,99,88,92,89,89,89,85,89,89,91,82,83,84,94,91,93,89,96,90,94,92,90,90,93,92,82,87,88,92,85,88,79,82,87,83,87,89,89,87,88,82,82,83,88,88,91,91,87,88,90,89,88,94,89,90,93,89,88,90,90,90,92,102,97
음료,매출실적,전국실적(2009.8~),,109,107,97,73,87,94,100,97,109,119,110,103,106,100,97,103,100,90,96,113,116,124,117,114,90,114,100,103,100,87,100,104,115,114,103,107,113,102,92,98,100,74,83,87,98,85,93,83,97,85,77,84,78,85,87,69,93,90,87,100,90,85,100,90,90,88,90,88,110,111,108,95,105,103,92,110,108,97,87,97,113,103,108,97,102,85,97,78,89,83,92,95,90,113,105,100,100,89,84,97,82,108,100,97,95,92,79,89,90,100,89,90,84,92,83,80,73,89,95,82,83,90,75,88,95,84,77,70,63,64
음료,수출실적,전국실적(2009.8~),,112,115,112,100,104,104,104,117,121,126,113,108,109,111,100,114,100,110,105,100,109,110,114,110,95,100,94,100,100,111,118,100,112,100,100,96,100,96,90,86,90,79,85,94,100,104,113,104,104,100,86,85,84,93,96,93,89,89,96,89,97,93,114,96,93,100,82,107,104,100,96,74,100,84,93,94,97,89,96,92,115,104,100,104,112,92,92,88,92,82,96,105,88,104,91,88,88,90,75,89,88,100,96,96,91,91,90,100,91,91,100,81,80,95,81,81,77,85,90,105,95,91,77,77,88,78,70,50,45,55
음료,생산실적,전국실적(2009.8~),,100,96,97,83,90,97,100,100,112,100,100,113,106,97,91,100,100,97,100,103,110,117,103,107,90,107,104,97,93,87,104,100,100,114,103,98,103,93,89,98,95,81,85,90,100,93,100,90,103,90,87,89,85,100,87,85,95,90,92,108,98,93,100,90,85,95,100,95,110,111,100,100,108,97,100,110,103,110,95,108,113,116,120,114,102,108,103,81,95,89,95,105,105,105,108,110,95,108,84,105,92,105,97,103,100,100,92,97,105,98,89,92,97,89,90,88,88,100,103,97,93,100,83,98,105,92,85,70,73,59
음료,인력사정실적,전국실적(2009.8~),,100,104,100,100,100,97,106,106,97,97,84,103,91,97,97,97,94,100,96,103,97,90,93,93,100,93,96,103,100,100,100,104,100,97,100,93,92,88,95,93,90,98,100,103,98,93,100,95,92,100,97,89,102,100,97,90,93,93,90,97,100,95,98,102,100,102,100,102,100,92,92,92,89,92,105,100,103,100,95,95,97,89,95,100,93,92,95,100,100,106,97,97,102,97,92,100,98,103,100,108,103,92,92,92,92,82,85,86,85,85,87,77,92,78,93,88,88,92,85,85,80,83,83,93,93,95,92,90,90,95
섬유,매출실적,전국실적(2009.8~),,80,76,90,81,98,86,85,95,108,107,93,113,93,107,103,112,108,93,111,114,113,97,88,80,76,85,81,75,79,77,72,73,71,75,80,57,75,73,65,67,57,71,72,73,88,77,80,74,78,82,69,70,75,74,77,87,77,74,64,55,66,65,67,73,64,73,59,76,75,71,56,56,57,60,63,65,64,74,58,60,81,71,67,56,57,59,59,67,58,58,59,57,66,56,53,60,54,59,57,70,64,70,65,70,82,79,72,70,66,61,65,70,61,68,56,64,68,73,69,56,54,59,61,63,66,58,54,50,24,25
섬유,수출실적,전국실적(2009.8~),,69,74,79,73,87,85,91,92,98,106,94,100,85,105,92,113,105,92,108,110,103,85,90,84,82,92,89,86,78,83,77,79,73,84,80,61,84,73,76,71,70,78,75,76,91,78,86,77,82,87,73,79,75,79,81,90,77,85,71,65,67,67,70,74,73,81,66,78,79,78,59,63,72,69,64,67,62,72,64,68,75,71,66,60,68,51,56,60,54,56,58,55,66,65,48,58,55,62,67,67,68,71,69,79,82,85,69,71,69,64,65,74,69,73,59,73,72,80,78,67,63,66,67,73,71,68,57,61,24,25
섬유,생산실적,전국실적(2009.8~),,83,84,90,84,92,92,88,92,100,101,101,100,100,97,99,95,101,96,103,104,101,101,96,87,78,88,88,87,89,89,87,87,78,84,80,74,86,89,86,78,72,86,77,85,96,91,83,85,82,84,83,83,86,87,98,95,94,87,83,78,75,77,81,83,82,87,79,89,86,79,72,73,64,69,72,70,72,81,68,67,84,81,73,68,73,67,67,77,70,62,64,67,76,61,68,68,65,64,67,77,71,74,76,77,82,81,77,76,73,70,74,75,70,74,62,72,78,85,77,65,61,65,73,74,70,69,71,60,32,35
섬유,인력사정실적,전국실적(2009.8~),,91,89,84,92,93,92,86,85,83,89,82,79,80,79,81,83,82,83,79,84,79,83,84,83,88,88,85,93,87,85,86,81,78,78,84,90,86,81,77,78,83,87,92,84,80,79,82,78,86,85,83,82,82,81,83,75,79,86,91,88,91,91,83,89,96,88,89,86,87,87,97,98,98,92,96,98,95,92,98,100,96,92,93,92,99,95,87,95,98,99,99,103,93,102,98,103,104,105,100,98,100,105,100,99,100,94,94,93,95,87,95,93,91,94,100,98,98,97,106,105,101,103,92,94,91,102,100,99,128,130
의복모피,매출실적,전국실적(2009.8~),,74,89,92,111,107,113,105,98,104,94,100,91,91,100,108,110,111,107,92,92,101,109,98,89,100,96,101,93,99,97,85,86,91,84,86,79,81,72,83,88,103,95,77,83,80,75,91,81,82,92,75,83,91,86,88,91,88,82,86,77,81,86,84,84,81,83,78,86,91,104,67,76,83,89,83,84,80,77,78,92,84,83,85,76,85,83,78,77,71,75,79,68,79,82,69,74,71,73,86,74,86,83,85,90,84,84,87,94,82,89,103,90,85,94,82,84,76,77,74,74,73,63,70,75,77,70,66,35,22,18
의복모피,수출실적,전국실적(2009.8~),,81,82,86,106,92,97,100,105,95,95,105,88,97,100,93,98,86,100,103,95,100,107,111,102,111,104,104,106,106,100,92,96,100,94,104,100,89,80,84,90,98,88,85,73,89,79,91,85,85,86,92,85,95,94,89,96,96,96,100,92,102,89,91,82,94,83,82,94,88,109,92,96,98,93,98,96,96,88,91,95,87,81,91,84,82,77,80,77,69,83,85,73,81,88,76,86,77,75,88,77,76,100,89,93,102,102,106,98,88,100,91,93,95,102,88,94,89,83,88,94,92,79,89,94,92,93,85,59,36,26
의복모피,생산실적,전국실적(2009.8~),,84,91,89,104,107,109,96,102,102,95,99,98,96,107,102,106,103,100,92,91,102,104,100,91,96,103,104,98,102,94,91,90,99,93,95,80,93,84,83,85,97,94,97,86,91,84,91,92,88,95,99,94,91,93,95,88,97,92,96,79,89,95,90,87,84,89,88,94,85,97,91,87,85,89,88,86,83,87,88,88,91,87,85,86,90,91,88,89,76,82,83,84,84,83,81,81,85,78,88,78,84,92,88,96,91,91,93,101,90,106,96,91,96,95,94,96,92,87,77,83,84,84,85,91,88,80,76,49,37,36
의복모피,인력사정실적,전국실적(2009.8~),,95,99,96,96,99,96,93,93,88,88,87,87,91,89,87,93,86,87,91,89,92,91,92,92,93,94,95,93,91,91,94,91,96,95,94,86,87,91,88,95,96,91,89,92,95,97,98,94,97,98,95,94,91,96,95,96,99,100,100,92,95,101,95,99,99,96,93,90,93,94,97,92,99,97,105,103,102,100,104,98,100,96,105,101,97,97,100,100,95,101,99,97,100,99,89,86,99,100,100,96,101,101,103,96,97,93,91,93,93,92,93,97,99,94,96,100,100,101,97,96,100,106,103,97,93,102,93,107,119,113
가죽·가방·신발,매출실적,전국실적(2009.8~),,71,84,90,74,93,92,87,94,100,118,120,123,90,113,104,113,104,106,87,102,111,108,93,88,82,104,94,70,66,64,75,84,82,92,95,88,74,71,63,98,85,85,63,80,86,80,96,82,77,81,77,74,88,98,89,97,93,81,82,61,77,72,73,63,63,80,81,81,84,81,69,75,66,77,77,65,75,74,75,56,84,74,69,68,71,54,55,62,68,66,64,56,55,70,60,70,59,53,66,60,64,69,65,71,74,78,76,68,73,69,73,76,80,79,65,73,66,70,67,67,61,56,53,66,69,65,46,35,12,19
가죽·가방·신발,수출실적,전국실적(2009.8~),,64,74,76,57,85,86,73,79,84,103,119,118,100,109,100,111,93,100,86,95,114,103,97,85,74,93,88,62,60,58,71,91,81,88,88,103,76,82,84,86,94,82,78,89,95,89,112,95,93,102,90,105,105,107,102,107,112,90,103,81,95,97,86,81,81,109,95,94,92,82,93,83,69,81,76,64,75,71,63,64,81,73,80,80,70,56,51,69,73,66,60,62,56,76,69,60,60,52,67,60,60,68,69,68,76,76,83,74,78,88,81,86,91,85,86,82,77,80,81,72,76,70,66,78,76,80,64,51,17,12
가죽·가방·신발,생산실적,전국실적(2009.8~),,84,86,88,68,96,94,93,94,107,105,120,121,94,109,94,104,98,102,92,96,105,106,91,84,87,96,89,81,79,71,84,86,82,89,98,98,86,79,81,96,89,85,84,98,92,90,109,98,82,91,88,93,93,105,100,97,98,86,84,71,87,94,83,84,75,90,90,90,94,84,79,78,74,82,84,73,81,78,78,75,83,93,82,80,84,70,63,69,83,72,69,78,63,75,71,81,71,75,71,67,76,74,81,81,87,91,91,84,80,85,78,81,82,86,76,80,69,75,76,76,72,66,69,71,78,74,63,45,22,25
가죽·가방·신발,인력사정실적,전국실적(2009.8~),,100,92,94,91,93,102,100,98,93,91,90,94,94,83,86,78,88,85,87,91,87,87,91,82,89,91,91,94,106,102,100,90,88,91,95,90,88,79,73,85,87,93,96,90,84,84,82,79,91,83,91,82,88,96,89,86,87,89,90,96,100,96,102,94,94,90,98,98,90,90,93,91,97,88,88,92,97,95,96,90,87,95,94,101,93,92,94,103,91,95,89,97,98,95,97,97,102,92,97,96,86,89,84,83,90,90,94,94,94,94,99,97,86,99,97,99,98,101,95,95,95,95,97,99,91,99,99,105,120,114
목재·나무,매출실적,전국실적(2009.8~),,102,90,102,94,88,89,79,94,92,98,88,80,85,71,65,82,73,77,65,84,98,85,100,87,74,96,94,89,85,75,71,93,79,67,77,73,68,69,63,60,52,47,55,54,67,85,87,72,90,94,90,83,81,88,89,96,88,102,95,91,91,72,79,88,71,72,77,71,91,90,78,91,89,101,101,89,83,83,78,79,80,75,78,72,84,89,79,85,73,74,74,84,75,81,84,85,68,77,75,78,65,61,67,68,80,74,78,71,72,48,64,64,58,49,59,51,53,49,46,41,52,47,46,51,45,56,57,53,50,46
목재·나무,수출실적,전국실적(2009.8~),,72,76,77,79,80,76,77,77,53,93,93,82,92,91,73,91,75,89,100,100,110,70,100,89,100,110,90,100,78,67,89,100,80,100,107,115,114,100,100,67,95,87,84,72,74,95,88,71,87,91,81,86,86,88,100,93,88,73,78,83,83,83,81,91,73,76,93,88,100,88,70,87,81,89,100,77,79,90,69,86,75,73,93,95,89,88,87,83,92,82,80,93,107,93,87,69,100,64,92,81,79,71,86,75,79,73,57,46,92,57,64,67,67,58,50,50,58,73,55,58,62,79,54,31,36,42,67,38,40,57
목재·나무,생산실적,전국실적(2009.8~),,93,90,102,90,96,83,91,104,100,98,96,84,89,82,67,87,89,79,70,91,102,80,98,96,80,100,98,94,91,84,78,81,79,78,81,79,74,80,71,71,70,66,71,69,77,84,89,81,97,91,96,88,98,91,100,90,92,100,90,97,94,84,87,82,82,84,89,84,94,95,94,101,97,100,110,90,80,86,84,89,92,87,84,81,94,95,83,92,83,80,82,86,85,79,87,85,76,72,73,80,76,72,77,74,78,75,86,64,71,61,79,67,71,69,68,61,68,69,49,52,55,55,51,60,53,67,59,63,58,57
목재·나무,인력사정실적,전국실적(2009.8~),,85,78,71,79,83,83,88,76,85,80,84,88,72,82,83,82,82,93,87,71,67,71,71,74,74,82,81,89,87,86,80,86,83,80,83,75,82,83,84,82,77,85,100,80,88,77,66,80,78,72,82,93,92,87,83,86,77,76,87,87,83,80,95,89,90,99,87,91,90,82,82,80,82,87,86,84,91,90,93,86,89,90,81,82,84,83,86,86,87,86,77,83,76,83,79,82,86,81,81,86,84,92,91,81,86,86,77,86,87,88,85,86,95,100,96,100,103,100,106,106,107,101,97,93,101,98,97,97,96,99
펄프·종이,매출실적,전국실적(2009.8~),,81,104,104,94,92,111,100,114,116,116,115,111,109,101,99,115,108,118,99,99,100,106,109,113,108,104,101,109,104,100,96,95,93,95,84,94,97,103,86,92,91,82,91,83,84,84,87,84,76,79,83,87,83,78,78,79,82,73,65,78,78,76,69,76,60,85,72,71,78,80,70,74,89,81,83,86,82,88,77,81,81,88,94,96,91,96,90,103,99,94,100,100,102,97,92,90,84,101,96,93,92,101,93,92,104,112,113,107,96,102,101,100,100,93,96,85,96,84,89,82,83,82,73,87,87,86,100,85,69,69
펄프·종이,수출실적,전국실적(2009.8~),,106,104,104,84,96,104,84,100,102,96,98,96,98,100,84,110,108,104,98,98,98,107,110,102,106,108,104,114,102,102,96,85,92,98,95,96,93,87,81,82,83,82,69,84,88,105,89,93,78,92,84,80,87,76,78,85,80,72,69,83,75,77,71,83,64,88,87,85,87,82,84,77,89,88,77,95,85,82,85,92,84,95,109,102,89,93,90,100,95,100,92,103,103,95,108,105,95,100,100,96,85,89,83,83,98,110,115,105,107,105,102,113,89,103,105,95,91,90,100,93,98,105,102,113,107,105,100,90,90,86
펄프·종이,생산실적,전국실적(2009.8~),,95,103,105,97,99,113,105,111,115,108,110,101,101,101,100,108,107,114,97,101,99,100,104,110,109,105,95,107,96,95,95,99,97,100,89,101,103,102,97,95,98,97,105,97,100,96,105,94,94,92,88,92,84,94,81,91,96,98,86,91,88,94,87,87,81,96,82,84,96,91,88,93,99,90,99,98,93,92,84,92,89,91,99,100,97,97,101,93,99,97,103,101,103,92,88,87,94,101,94,92,85,96,106,89,99,112,115,97,93,103,99,97,103,91,97,92,96,100,90,88,91,83,88,94,96,103,99,91,84,76
펄프·종이,인력사정실적,전국실적(2009.8~),,95,96,87,99,93,92,89,91,87,88,92,89,89,86,86,92,96,89,93,84,97,88,82,84,84,91,82,84,84,83,83,87,91,86,81,81,87,83,83,87,83,92,89,81,83,86,85,94,82,80,86,87,88,83,79,84,91,89,96,91,91,88,88,88,91,85,91,89,87,89,91,91,89,88,86,85,90,89,87,92,89,88,89,89,87,87,83,87,84,79,82,88,78,88,79,87,80,77,83,79,85,80,88,86,80,88,88,86,80,85,88,76,84,83,89,89,91,93,97,95,91,97,96,93,86,88,92,88,99,103
인쇄·기록매체복제,매출실적,전국실적(2009.8~),,84,95,94,106,110,105,95,95,95,100,85,100,100,100,105,95,105,100,100,90,112,91,83,76,86,94,103,100,81,72,85,79,91,82,94,81,84,89,90,72,75,87,84,76,75,91,78,69,72,73,69,78,78,72,82,71,76,81,64,71,82,65,64,59,69,82,72,78,84,77,63,66,70,61,77,76,69,75,73,79,80,82,76,80,72,72,69,81,81,83,75,81,81,76,85,79,79,78,72,73,76,84,78,80,76,91,75,66,79,80,81,75,80,86,74,76,69,65,73,68,77,82,85,93,87,67,71,55,51,42
인쇄·기록매체복제,수출실적,전국실적(2009.8~),,88,92,91,100,100,100,91,100,117,91,91,100,91,120,110,82,90,91,82,92,113,106,94,86,93,113,100,100,76,81,93,86,100,94,100,72,100,86,92,82,79,93,82,87,92,104,95,82,86,88,84,90,77,72,87,85,78,83,75,82,87,69,65,68,82,83,80,73,89,78,66,67,62,56,77,61,56,67,71,86,73,67,63,68,64,66,70,71,62,83,73,71,74,71,85,77,76,74,78,73,67,71,79,71,76,88,68,68,80,71,75,76,66,81,86,64,59,58,68,61,63,57,73,71,85,68,58,64,58,41
인쇄·기록매체복제,생산실적,전국실적(2009.8~),,79,95,83,106,100,100,100,100,105,95,90,95,100,111,100,105,110,100,90,100,112,97,94,76,86,91,97,97,87,81,85,85,85,82,91,96,85,97,91,81,81,87,89,87,88,93,85,72,81,75,79,82,84,72,89,72,72,81,72,79,81,71,73,69,73,81,73,81,87,84,73,84,80,76,92,86,75,79,77,82,80,81,84,84,78,71,77,80,85,82,77,85,81,80,84,85,80,84,74,76,87,89,82,84,75,91,84,77,88,95,84,81,84,86,78,81,79,73,81,73,83,88,87,95,91,77,76,67,61,58
인쇄·기록매체복제,인력사정실적,전국실적(2009.8~),,89,100,89,94,90,75,90,84,80,75,70,79,65,63,81,67,70,70,70,67,59,63,83,76,77,76,78,75,87,84,82,88,79,82,91,85,80,83,83,89,85,91,95,89,94,86,93,95,96,92,90,96,95,95,94,99,91,96,100,102,98,95,95,94,98,97,100,100,96,86,96,95,98,93,90,90,90,93,92,87,88,88,92,90,85,80,85,88,80,92,88,89,86,86,82,88,90,83,82,87,78,84,89,85,77,90,92,89,91,90,90,88,87,92,93,90,94,95,97,95,97,100,96,95,90,91,96,105,109,103
석유정제·코크스,매출실적,전국실적(2009.8~),,92,95,96,125,104,88,96,100,111,104,121,115,107,124,119,119,112,108,104,104,111,111,123,127,111,114,88,96,104,104,107,86,108,108,92,93,96,100,96,79,79,79,79,57,64,85,70,79,72,89,93,89,81,64,77,80,78,88,73,74,62,65,78,63,74,54,59,62,81,69,81,57,60,79,83,62,68,50,44,68,83,61,52,71,50,53,50,54,78,72,80,69,86,89,82,86,83,79,63,67,86,72,64,71,61,82,96,100,79,81,79,100,78,83,79,59,72,76,64,72,72,75,69,66,72,61,52,28,32,27
석유정제·코크스,수출실적,전국실적(2009.8~),,111,100,95,128,105,105,100,100,105,119,122,125,115,130,120,111,105,111,105,100,110,110,111,117,110,110,106,100,100,95,105,85,89,83,79,100,100,95,110,89,76,100,90,78,95,88,71,85,89,100,79,94,77,79,89,89,90,89,70,79,82,89,74,68,84,63,84,75,86,90,100,82,71,94,85,80,70,71,82,107,106,100,57,80,67,65,67,63,79,106,112,100,94,88,88,88,94,106,82,105,100,100,73,107,80,100,105,105,86,85,86,100,74,86,100,80,86,78,70,81,77,95,95,86,90,79,71,35,40,44
석유정제·코크스,생산실적,전국실적(2009.8~),,108,100,96,121,104,96,108,116,111,112,113,115,119,120,126,123,123,112,115,100,104,107,112,108,115,104,96,78,109,100,100,89,100,108,104,100,104,100,89,97,86,86,90,82,75,88,89,93,83,96,82,93,100,82,88,88,78,96,81,78,81,77,81,67,78,81,81,81,78,85,96,83,80,79,93,96,89,88,81,82,83,79,81,89,79,77,68,75,81,79,87,72,90,89,89,82,90,79,70,67,93,76,75,71,75,89,96,93,86,92,89,93,78,86,89,78,79,72,75,79,93,79,79,72,76,71,66,36,54,54
석유정제·코크스,인력사정실적,전국실적(2009.8~),,88,91,79,88,88,85,92,84,81,81,83,78,81,84,78,88,85,88,81,88,86,93,96,92,100,96,96,96,100,100,89,96,92,96,92,81,104,100,104,93,96,93,90,82,86,81,89,93,90,86,89,89,93,89,100,104,104,100,88,100,92,96,96,93,100,96,104,104,89,96,88,93,90,96,86,88,96,92,96,96,107,93,96,96,100,93,93,93,89,90,100,93,93,82,93,89,83,83,80,80,75,86,82,93,93,100,100,97,100,96,96,104,104,103,100,89,90,104,100,97,100,100,100,97,107,96,100,96,104,108
화학물질·제품,매출실적,전국실적(2009.8~),,101,116,112,115,113,122,119,120,143,123,124,117,127,116,118,127,122,109,113,118,127,116,118,105,97,98,96,92,84,88,103,101,94,99,100,88,87,87,83,84,88,97,86,100,88,92,103,77,102,100,88,97,87,84,81,88,100,97,98,86,97,86,89,83,87,82,78,90,105,80,76,77,82,77,86,83,78,85,75,87,87,91,91,101,88,95,89,101,91,96,100,113,114,105,101,106,116,116,125,108,113,108,102,99,107,125,121,118,110,114,97,99,97,92,89,93,97,92,99,83,86,84,86,82,84,83,73,68,72,51
화학물질·제품,수출실적,전국실적(2009.8~),,100,109,103,114,101,106,113,108,125,111,111,113,117,106,108,118,116,108,110,110,114,109,113,104,95,97,100,96,86,86,104,105,99,96,97,89,88,78,83,83,86,85,90,93,87,92,95,75,90,105,92,98,88,92,85,95,102,98,106,95,98,90,91,86,83,82,82,102,107,84,87,80,88,81,82,87,80,88,83,88,92,94,92,103,95,94,97,101,95,96,100,110,108,100,101,106,115,117,122,113,113,114,108,101,116,127,119,123,119,118,103,99,105,96,95,89,100,100,104,88,91,95,98,83,91,88,77,72,68,47
화학물질·제품,생산실적,전국실적(2009.8~),,106,114,109,118,114,125,120,123,133,120,120,113,120,114,111,117,114,117,115,112,115,106,116,114,103,101,96,94,91,93,100,107,108,100,94,104,95,100,93,95,100,100,86,95,100,100,103,102,97,100,98,98,97,92,94,108,98,103,95,102,106,102,97,92,98,87,102,102,105,93,82,80,87,90,89,93,93,95,97,100,92,100,106,105,96,98,95,92,91,95,94,99,104,94,90,98,100,108,107,99,107,102,105,111,107,110,104,101,92,100,92,95,94,98,94,99,99,101,100,97,93,95,94,93,93,101,85,84,83,62
화학물질·제품,인력사정실적,전국실적(2009.8~),,93,89,93,93,99,96,99,91,83,85,88,89,86,85,86,89,90,87,88,88,90,90,85,91,92,91,95,97,100,97,96,97,87,91,86,91,92,90,95,92,88,92,92,92,89,90,95,92,95,94,91,93,94,95,97,94,94,92,95,92,95,102,97,98,100,105,105,100,97,85,95,97,100,95,94,98,98,96,98,100,95,100,99,100,95,98,93,95,91,89,92,93,93,95,92,96,97,94,98,90,98,98,95,94,94,87,86,87,88,89,87,93,89,91,90,91,86,89,88,92,93,92,94,90,97,96,93,91,98,100
의료물질·의약품,매출실적,전국실적(2009.8~),,119,118,130,118,129,125,120,126,131,137,138,116,119,116,136,120,111,119,109,114,114,112,111,123,105,102,108,100,100,85,100,95,73,93,102,72,95,73,85,93,88,92,96,98,104,106,105,98,98,90,90,100,98,108,94,98,113,102,106,106,117,98,114,110,100,112,100,104,100,122,89,93,111,116,116,123,129,117,125,134,142,127,131,123,125,109,122,115,109,125,115,110,110,107,124,107,100,106,118,100,109,113,117,122,102,105,113,100,115,100,104,105,105,105,102,96,111,107,102,102,102,115,117,114,128,102,106,95,96,91
의료물질·의약품,수출실적,전국실적(2009.8~),,112,126,131,119,117,123,129,126,122,123,132,112,121,103,115,106,113,118,106,103,120,106,116,111,97,100,93,103,108,103,115,108,103,112,114,120,119,109,108,102,104,109,111,105,112,114,115,109,109,98,102,116,116,102,104,102,117,108,102,102,117,98,102,107,102,107,105,96,98,115,108,118,109,120,121,117,124,109,109,108,124,114,118,109,112,109,107,114,100,107,116,112,104,98,98,90,96,88,86,92,112,92,100,98,89,100,108,97,105,83,97,94,97,100,100,92,100,100,95,87,82,105,93,105,97,105,100,98,105,90
의료물질·의약품,생산실적,전국실적(2009.8~),,102,95,120,113,111,105,98,112,113,112,119,105,109,107,116,102,109,112,102,114,100,116,100,107,95,102,111,97,109,98,90,93,93,90,93,93,95,100,98,93,106,104,106,102,102,109,105,100,98,88,90,98,94,106,92,100,108,100,108,106,102,92,106,94,98,106,100,98,92,114,96,102,104,105,116,111,116,100,106,107,113,121,119,112,116,98,107,96,108,109,111,106,114,104,109,107,102,106,105,98,106,114,110,94,96,110,104,100,107,102,100,100,102,95,93,100,109,102,100,93,100,102,100,111,112,102,108,98,109,111
의료물질·의약품,인력사정실적,전국실적(2009.8~),,95,98,95,100,95,103,98,95,96,98,90,89,91,98,93,98,98,93,93,100,86,86,89,89,88,95,92,95,98,98,93,95,95,100,98,89,98,85,90,93,92,85,88,86,94,89,89,88,94,92,92,94,91,90,90,94,92,92,87,92,96,94,94,100,90,96,98,100,94,96,96,96,98,96,102,95,90,90,86,95,93,96,100,98,98,98,98,98,100,98,94,100,98,98,93,95,95,104,98,104,98,95,90,96,96,90,96,93,91,102,91,98,100,93,102,89,100,93,100,93,95,96,93,93,91,96,96,98,89,89
고무·플라스틱,매출실적,전국실적(2009.8~),,99,99,105,102,105,101,107,110,121,120,109,110,109,100,100,114,101,102,98,107,106,118,107,103,108,100,93,100,108,85,83,93,85,85,90,93,92,87,86,84,77,77,67,87,92,98,94,93,90,82,83,83,88,90,88,89,99,88,90,80,71,86,76,69,73,82,75,68,81,86,70,77,85,82,79,75,80,73,65,68,86,71,80,79,81,71,76,85,88,95,79,84,86,79,82,79,75,84,78,73,84,84,78,66,81,89,88,72,73,67,69,76,76,68,77,79,78,78,81,74,70,79,76,75,73,80,63,52,38,38
고무·플라스틱,수출실적,전국실적(2009.8~),,94,93,103,90,91,105,102,108,106,112,107,100,109,108,115,110,89,106,97,118,100,116,105,100,103,101,99,99,107,95,88,97,95,93,99,84,85,81,88,82,77,85,71,92,98,86,90,89,83,82,87,88,78,89,91,87,96,85,84,75,68,78,75,76,79,83,75,72,78,82,70,69,78,76,88,81,75,74,69,69,89,77,84,90,85,79,73,93,95,97,82,83,86,74,68,73,72,73,80,77,79,84,92,71,81,84,84,84,81,81,77,88,88,80,92,89,82,85,87,78,81,82,85,73,75,77,73,64,47,33
고무·플라스틱,생산실적,전국실적(2009.8~),,96,99,108,105,102,109,108,111,114,113,110,107,102,106,98,107,101,107,96,102,100,108,98,91,102,104,97,95,104,89,89,90,88,90,93,92,89,87,83,83,77,82,88,92,94,100,94,97,86,91,91,91,90,93,84,97,101,86,91,83,82,84,87,79,78,81,87,73,88,95,74,82,86,85,79,87,79,80,81,74,90,84,90,82,84,81,77,89,94,94,88,93,87,78,88,85,81,91,83,80,87,88,85,73,82,88,91,80,78,75,74,80,84,74,80,83,85,89,80,79,83,79,78,77,77,85,77,61,47,41
고무·플라스틱,인력사정실적,전국실적(2009.8~),,88,88,86,91,92,89,87,86,88,80,78,85,86,83,93,85,93,84,81,77,85,86,84,83,84,87,87,90,95,91,95,86,83,84,82,92,91,73,82,87,89,88,92,82,80,77,87,88,87,90,94,87,99,91,90,94,87,89,90,97,96,90,94,97,97,100,96,98,91,101,93,93,93,86,93,89,96,98,99,95,98,106,94,93,98,92,94,93,92,85,95,87,89,95,94,91,95,90,86,90,96,95,91,99,101,85,89,96,92,101,94,95,93,96,96,95,92,92,89,92,99,100,104,102,105,103,98,99,110,117
비금속 광물,매출실적,전국실적(2009.8~),,79,100,94,83,86,76,92,88,95,99,97,102,92,77,76,92,88,78,75,88,102,94,101,85,78,86,86,88,85,91,92,82,87,91,102,97,86,67,78,73,79,80,81,81,81,75,83,78,84,83,86,97,99,97,91,92,101,100,89,95,89,85,82,85,81,90,100,96,96,101,91,106,94,102,96,103,105,92,93,99,103,108,91,99,101,93,96,93,102,89,89,95,96,87,95,89,78,97,80,87,72,73,84,72,78,66,69,65,61,64,58,62,66,64,64,68,78,76,67,59,55,54,61,68,68,66,57,65,68,59
비금속 광물,수출실적,전국실적(2009.8~),,88,97,100,88,88,92,111,94,103,106,89,94,100,106,94,94,91,107,109,97,113,90,100,91,94,93,93,97,83,100,97,86,85,81,94,90,94,80,88,82,89,80,89,86,89,80,89,85,85,91,96,98,94,98,90,98,111,104,96,100,102,93,94,93,93,100,98,96,98,91,84,94,79,83,79,90,84,85,88,81,85,66,68,71,87,86,84,84,94,97,91,88,94,100,100,97,88,100,94,93,81,88,94,83,97,71,82,89,78,80,73,95,69,68,71,84,86,75,79,83,91,83,91,82,88,81,83,78,69,67
비금속 광물,생산실적,전국실적(2009.8~),,91,96,94,81,91,85,101,92,96,99,108,102,92,82,86,93,91,81,83,93,104,99,98,92,84,88,92,83,87,86,92,87,84,91,95,90,89,79,77,71,75,83,84,84,92,84,83,85,85,86,82,86,94,92,93,99,103,93,96,96,92,90,91,90,88,97,100,99,105,100,101,101,101,99,91,105,100,101,100,105,103,103,92,95,95,84,96,94,104,88,95,101,92,94,99,85,82,97,86,93,86,83,86,74,83,77,79,75,73,70,74,73,78,77,76,78,88,76,73,66,67,69,69,68,67,71,73,70,74,65
비금속 광물,인력사정실적,전국실적(2009.8~),,98,97,95,95,90,93,96,92,93,95,94,94,93,95,90,92,93,99,97,90,92,98,92,92,94,89,94,95,94,100,99,99,90,90,94,87,90,93,92,95,97,93,93,91,92,88,90,93,95,93,90,90,88,89,92,86,88,90,84,87,93,95,89,93,97,96,95,96,97,91,88,96,90,87,89,82,83,86,83,88,86,88,90,86,83,87,83,88,94,92,94,91,86,82,83,86,89,88,89,87,86,94,90,90,86,90,89,96,91,89,94,91,93,94,90,96,95,94,95,100,98,94,101,94,98,94,94,91,96,102
1차 금속,매출실적,전국실적(2009.8~),,93,93,100,98,92,111,113,111,124,113,115,104,105,102,114,103,100,120,111,120,121,117,100,96,84,89,96,91,90,85,87,95,100,93,80,76,70,59,68,68,57,73,80,79,69,74,79,62,69,76,80,95,93,81,97,91,100,88,87,86,91,96,98,98,100,96,88,95,105,71,64,70,65,65,65,54,53,63,58,67,74,79,76,75,68,68,65,83,94,98,100,107,107,91,100,102,107,113,96,106,105,96,84,81,91,81,81,79,79,65,68,75,71,71,79,88,78,91,86,75,73,71,69,72,69,71,69,52,58,46
1차 금속,수출실적,전국실적(2009.8~),,97,90,94,103,90,121,123,121,119,119,115,107,116,123,113,112,97,118,111,116,102,108,103,94,90,97,85,94,81,92,93,100,105,102,92,87,68,71,78,77,67,68,89,87,83,88,80,81,75,73,88,98,88,93,98,98,102,104,95,87,84,86,98,105,107,98,89,98,102,81,77,77,75,73,65,59,63,71,63,64,73,79,80,75,66,70,66,77,78,88,91,95,96,100,97,104,102,102,100,113,98,104,96,88,102,94,93,76,100,91,90,91,79,82,77,90,85,92,89,78,79,79,76,69,70,80,84,63,68,65
1차 금속,생산실적,전국실적(2009.8~),,88,90,103,100,93,116,110,113,126,120,112,103,102,99,108,105,106,115,112,120,112,114,102,95,89,91,96,84,85,84,88,98,103,95,85,80,75,67,77,79,63,86,88,79,81,87,84,76,76,73,98,100,98,86,103,97,102,95,100,102,96,102,96,104,93,102,98,98,107,84,78,79,74,74,77,70,79,78,70,78,82,91,85,85,79,78,73,84,96,94,94,107,98,90,99,102,101,108,94,98,95,93,83,91,88,78,85,83,80,71,78,90,79,81,82,92,90,88,90,76,77,78,77,80,73,80,80,64,64,54
1차 금속,인력사정실적,전국실적(2009.8~),,90,85,88,86,97,87,89,93,95,93,94,89,89,93,89,91,89,91,88,85,85,83,90,88,95,88,88,93,92,89,93,89,92,89,88,87,95,93,91,91,95,95,98,90,88,83,93,89,84,88,88,93,95,98,91,95,84,90,82,91,89,89,93,84,82,93,93,93,90,99,96,102,101,94,98,91,96,101,100,96,98,99,99,98,99,100,99,98,96,94,98,95,94,95,93,99,92,94,94,91,98,91,99,97,98,98,95,92,96,95,93,98,98,99,100,97,95,99,96,101,99,99,101,104,100,103,102,101,105,104
금속가공,매출실적,전국실적(2009.8~),,78,93,91,86,85,90,96,96,99,109,101,110,113,97,99,101,101,103,109,117,129,106,103,96,100,101,110,102,100,82,93,95,96,86,92,82,82,75,75,76,74,71,66,63,73,77,76,79,81,77,80,79,86,87,91,95,102,92,95,97,93,81,83,85,83,92,85,78,83,75,83,81,85,68,81,78,78,76,75,73,77,70,66,62,62,68,67,66,72,70,67,71,68,67,65,63,64,64,63,72,73,70,68,56,71,86,83,85,79,72,71,76,72,76,78,71,76,69,76,65,69,71,70,70,72,68,61,48,41,41
금속가공,수출실적,전국실적(2009.8~),,74,87,79,92,88,89,102,88,85,111,107,113,118,102,105,102,93,120,115,124,133,107,100,112,109,94,115,100,97,96,107,100,115,94,102,90,87,87,86,80,84,78,73,66,75,86,81,77,85,80,87,84,92,94,95,92,99,99,94,96,95,90,82,87,83,93,90,86,88,71,80,84,83,69,82,72,77,87,80,75,79,68,83,67,76,80,75,83,82,81,80,77,77,69,66,67,64,71,74,74,73,85,84,68,78,80,88,92,99,85,81,92,84,90,95,79,85,86,92,74,84,81,80,77,71,71,68,48,42,36
금속가공,생산실적,전국실적(2009.8~),,87,101,92,81,88,96,99,100,95,105,100,105,111,101,102,99,102,103,111,107,122,104,101,100,101,96,107,100,100,84,95,97,94,86,94,92,80,82,80,79,83,75,76,76,82,81,82,88,88,88,88,89,89,94,91,102,100,98,98,100,93,86,84,97,92,92,91,83,91,88,94,87,88,87,88,86,87,87,80,76,82,68,72,67,69,74,69,78,80,78,78,81,74,69,71,71,70,69,73,76,77,77,73,70,82,90,88,82,77,76,84,81,79,80,74,76,82,72,83,65,73,78,76,75,70,71,70,54,46,47
금속가공,인력사정실적,전국실적(2009.8~),,98,95,96,87,89,92,85,84,87,84,90,84,85,86,77,79,89,83,82,74,81,86,87,84,80,82,86,95,91,95,94,93,96,93,93,75,89,87,85,89,89,89,83,86,83,85,83,89,89,88,88,92,88,87,87,87,89,92,89,90,91,90,89,94,95,98,91,97,91,97,87,91,91,90,89,89,90,89,91,95,90,90,97,98,100,94,93,97,97,93,90,93,87,91,92,94,93,91,89,92,94,95,94,98,98,82,82,82,81,80,83,86,91,93,91,89,85,87,87,85,92,90,93,93,91,91,98,99,102,105
전자·영상·통신장비,매출실적,전국실적(2009.8~),,92,102,106,100,100,107,110,117,117,118,122,121,112,100,102,97,95,96,97,98,106,97,97,97,84,84,80,82,79,71,83,83,87,98,89,96,112,100,100,87,89,86,89,96,109,111,107,98,85,85,87,75,66,87,83,78,84,81,73,76,68,71,78,84,88,84,104,100,92,75,67,68,72,79,79,70,72,77,69,86,77,77,81,88,91,96,91,96,92,94,103,100,108,113,103,106,99,101,109,106,104,99,96,83,83,79,89,78,86,89,83,82,83,81,79,81,87,87,82,84,87,80,83,86,84,88,74,74,72,54
전자·영상·통신장비,수출실적,전국실적(2009.8~),,89,103,106,95,108,107,110,111,115,114,123,119,116,106,103,98,92,94,98,95,107,95,95,95,85,79,87,86,75,76,90,91,91,97,92,102,124,104,107,96,96,91,92,113,112,117,116,111,91,100,96,79,71,80,81,86,82,76,76,81,70,67,80,77,86,91,109,107,93,75,71,71,74,79,75,67,66,79,66,85,77,71,76,85,89,100,93,94,89,92,98,97,109,109,102,107,97,106,109,106,103,98,95,83,84,81,99,80,92,93,93,85,83,87,83,86,86,91,86,90,87,86,86,85,84,89,78,84,72,64
전자·영상·통신장비,생산실적,전국실적(2009.8~),,97,98,104,99,97,107,116,116,119,120,121,124,114,99,97,95,98,96,96,102,104,98,98,97,91,86,90,83,80,78,84,83,89,94,93,94,106,102,92,96,87,84,91,96,111,98,104,93,88,87,94,71,72,88,87,86,90,91,81,78,76,80,88,86,90,104,108,109,96,81,69,74,78,76,72,70,77,79,72,84,87,82,84,92,99,94,96,95,91,96,99,103,107,105,104,103,101,106,104,100,106,103,101,89,92,92,99,88,93,90,93,91,92,94,90,95,90,101,90,93,90,87,87,90,92,90,89,83,75,61
전자·영상·통신장비,인력사정실적,전국실적(2009.8~),,94,89,93,97,94,97,86,88,85,80,86,85,86,88,95,99,100,100,102,98,94,89,91,95,98,96,101,102,98,106,102,98,101,102,102,108,102,104,108,108,109,108,104,107,104,96,96,109,113,109,117,121,110,104,104,106,102,100,106,104,104,102,100,100,102,100,98,100,100,95,108,104,100,100,104,109,104,110,109,100,101,105,100,96,99,94,96,100,99,92,96,100,97,94,93,95,100,90,96,101,96,92,106,100,100,93,90,89,87,88,92,94,98,95,99,99,95,91,92,96,93,93,92,91,98,101,94,98,101,109
의료·정밀기기,매출실적,전국실적(2009.8~),,106,119,120,103,117,102,117,126,121,111,122,126,120,107,96,91,106,91,78,87,82,94,102,96,104,98,91,86,102,100,102,100,100,103,100,93,95,93,86,88,82,93,104,103,92,97,93,101,92,105,94,93,95,95,90,105,99,101,91,84,96,83,81,81,88,93,92,95,82,92,89,98,93,97,91,93,93,99,99,95,104,95,86,99,82,91,88,94,92,89,93,92,101,107,105,98,94,95,97,103,93,93,100,95,101,97,90,85,81,77,85,82,84,80,85,87,96,79,88,83,81,91,90,90,94,87,80,62,54,49
의료·정밀기기,수출실적,전국실적(2009.8~),,98,108,105,94,105,103,103,105,119,105,112,113,124,114,97,87,102,92,89,85,89,103,108,97,105,103,103,94,110,110,108,109,118,110,103,112,106,105,92,93,92,102,109,105,95,105,98,99,92,102,91,94,95,89,87,97,88,97,85,75,86,80,76,80,84,92,86,97,82,96,89,108,108,108,98,104,95,101,107,99,104,96,95,99,86,100,90,96,101,99,104,101,110,108,109,105,104,104,108,110,97,101,105,92,103,99,89,93,94,87,93,90,89,86,101,93,96,88,95,87,93,96,99,94,96,87,78,60,56,49
의료·정밀기기,생산실적,전국실적(2009.8~),,104,119,116,97,117,109,115,119,116,117,116,119,116,100,91,96,98,91,85,87,100,102,96,98,111,93,100,86,102,104,102,105,111,98,95,84,97,94,93,89,85,93,103,104,97,104,99,110,96,103,104,97,92,99,96,99,99,97,83,93,93,88,82,83,88,86,95,93,90,96,90,94,100,102,99,100,94,93,97,93,99,91,87,106,83,92,96,92,90,95,98,101,95,107,112,97,106,101,96,108,90,99,103,95,103,92,96,87,90,79,92,91,90,88,91,93,98,86,93,85,89,92,93,89,95,96,83,73,60,54
의료·정밀기기,인력사정실적,전국실적(2009.8~),,96,98,84,95,89,93,85,85,93,89,84,86,89,95,89,98,100,102,91,98,96,102,92,91,96,98,93,102,96,92,91,88,89,90,93,96,95,92,86,104,94,95,86,85,92,86,92,93,90,93,90,97,92,99,98,96,100,110,101,100,93,96,101,92,92,97,99,89,90,102,92,101,93,88,93,95,90,92,91,100,102,94,98,94,96,92,92,96,94,104,94,98,90,97,91,91,92,93,90,92,90,98,97,91,92,91,94,93,88,92,92,94,97,98,98,93,92,93,95,91,93,93,90,94,91,87,85,99,105,109
전기장비,매출실적,전국실적(2009.8~),,86,92,87,101,94,101,99,109,119,115,119,114,116,114,101,110,108,98,107,110,108,107,111,107,105,99,100,100,93,84,101,101,98,93,100,84,85,73,77,77,79,76,84,76,89,99,103,93,107,103,97,113,104,101,93,100,99,99,93,79,89,88,78,86,88,85,95,79,88,91,78,83,67,68,67,75,68,70,73,66,77,70,70,71,71,66,70,78,75,79,75,84,85,85,84,94,97,94,78,87,84,82,82,88,98,98,96,90,96,80,79,87,87,93,88,82,87,71,81,73,77,68,73,83,82,79,78,57,42,41
전기장비,수출실적,전국실적(2009.8~),,84,92,91,100,86,100,108,111,112,114,116,117,121,110,97,103,106,99,101,106,110,110,109,107,106,106,100,92,100,92,100,104,102,97,105,79,81,74,78,83,83,85,85,84,79,98,105,97,108,106,106,105,105,103,95,98,105,108,102,90,91,95,80,82,82,92,96,72,81,86,78,81,82,80,75,77,76,79,70,73,80,76,87,75,82,76,77,93,85,84,88,93,88,99,86,93,87,80,75,82,81,80,86,88,87,89,92,82,87,84,84,92,94,92,102,88,96,80,85,82,85,85,83,95,80,87,87,76,45,45
전기장비,생산실적,전국실적(2009.8~),,81,87,92,96,91,101,96,111,114,109,114,118,119,109,100,110,99,98,109,108,107,100,109,107,107,100,100,95,89,84,98,94,94,94,102,79,80,73,81,77,79,79,82,82,93,93,101,100,108,100,99,110,106,105,88,99,101,95,90,90,96,94,87,86,91,86,92,85,86,90,78,83,73,80,79,88,73,75,77,71,84,74,73,77,75,72,80,87,76,83,86,92,94,95,91,94,95,93,83,86,86,84,79,90,98,94,92,89,92,83,79,86,83,82,88,91,92,82,90,82,80,76,80,85,83,87,85,66,54,53
전기장비,인력사정실적,전국실적(2009.8~),,87,92,94,95,94,91,89,87,89,83,87,87,85,84,90,85,95,99,92,97,88,87,87,94,88,98,91,96,92,96,94,89,88,93,95,97,101,100,94,96,97,100,100,97,89,95,94,99,91,90,87,87,86,88,91,88,90,90,85,90,92,81,87,92,89,88,97,99,97,96,99,95,99,98,99,99,99,95,96,95,99,107,100,102,98,102,96,97,99,98,94,98,103,105,102,97,101,97,99,93,94,95,101,96,102,102,108,103,107,103,97,101,100,101,105,97,104,108,103,103,105,104,104,96,104,111,103,103,114,112
기타 기계·장비,매출실적,전국실적(2009.8~),,77,78,82,96,99,111,112,116,118,127,113,115,116,122,123,113,118,109,109,116,120,126,127,119,103,104,100,104,105,95,93,91,95,91,92,77,75,76,70,64,65,67,78,75,83,85,89,81,81,83,79,87,89,81,85,87,90,88,83,79,79,77,86,93,89,98,97,96,108,85,78,80,73,79,77,77,77,71,64,77,76,75,78,82,78,65,75,76,86,90,89,89,99,88,91,91,89,81,84,83,86,86,86,82,83,79,85,79,81,80,72,78,83,79,80,79,81,81,77,75,74,69,75,72,79,82,77,59,60,54
기타 기계·장비,수출실적,전국실적(2009.8~),,72,70,76,88,86,99,89,101,99,106,105,103,108,119,109,113,114,109,106,113,125,124,124,116,99,100,100,116,107,91,103,91,96,97,95,83,89,81,80,69,66,71,83,86,86,82,85,87,93,91,83,80,91,85,84,86,89,80,84,86,84,86,88,99,92,99,99,97,106,95,90,85,82,89,80,86,81,77,74,82,81,80,79,76,73,64,80,75,89,84,87,91,100,89,98,90,86,84,89,83,94,91,83,90,85,79,76,76,82,86,81,83,80,79,85,74,87,79,84,74,80,79,80,74,82,88,77,64,64,51
기타 기계·장비,생산실적,전국실적(2009.8~),,77,86,96,97,102,109,116,121,117,119,112,111,122,119,113,113,116,114,109,115,123,123,118,120,108,107,102,102,98,86,93,92,96,94,93,77,68,71,68,61,60,71,84,84,88,96,95,84,87,85,85,92,87,85,86,92,86,90,88,87,83,89,88,93,89,104,98,92,107,91,81,79,79,81,83,84,73,79,73,77,86,84,84,86,84,72,75,86,87,90,93,92,96,91,97,94,86,84,82,88,90,90,87,84,86,84,90,81,87,85,83,85,88,84,82,82,84,83,79,76,77,75,78,80,81,86,83,65,60,58
기타 기계·장비,인력사정실적,전국실적(2009.8~),,100,96,97,97,92,89,89,84,90,80,83,85,88,93,85,88,86,86,87,85,84,82,83,86,88,87,89,91,94,94,93,92,92,96,97,93,89,97,99,96,99,98,96,94,86,91,96,98,93,93,99,92,96,94,98,94,93,94,98,95,97,100,94,96,93,98,96,94,96,91,102,94,95,102,96,99,100,101,101,104,95,95,96,88,98,95,93,97,94,90,88,93,91,96,94,93,94,93,95,88,92,95,95,90,91,82,88,87,80,88,85,89,92,92,86,88,90,95,86,88,90,94,95,89,87,89,92,91,98,106
자동차,매출실적,전국실적(2009.8~),,74,89,120,109,122,140,135,152,155,143,142,152,138,121,149,144,141,136,130,125,131,135,133,133,127,124,128,129,123,110,115,122,118,120,122,113,96,80,92,94,96,89,94,94,87,98,107,104,98,89,114,98,102,105,105,107,100,107,111,104,89,85,93,95,93,93,83,90,100,93,95,85,94,87,95,100,96,84,85,86,91,88,89,89,84,75,77,92,98,98,92,99,92,75,80,72,76,76,74,75,76,63,60,62,63,85,78,76,74,77,80,80,75,80,76,85,87,91,85,79,87,79,76,88,91,79,59,41,33,16
자동차,수출실적,전국실적(2009.8~),,75,87,101,100,122,128,120,139,150,138,132,144,131,118,140,142,131,127,123,122,121,123,125,127,119,115,124,123,121,106,110,122,117,116,122,117,98,96,110,96,98,93,87,98,96,109,115,107,93,96,106,102,95,100,98,106,107,115,102,102,100,91,98,96,98,91,86,88,104,97,87,81,89,86,94,96,95,88,90,86,101,97,101,94,99,87,88,97,97,100,85,96,84,69,71,65,71,70,76,76,82,73,67,65,72,91,74,77,79,74,84,79,89,87,85,85,93,91,82,84,94,83,80,93,84,80,63,50,30,14
자동차,생산실적,전국실적(2009.8~),,76,102,112,120,122,139,133,144,148,140,137,139,133,114,136,135,132,132,126,129,124,124,123,124,112,116,120,117,118,107,113,122,117,120,115,106,84,78,108,104,100,92,94,90,87,89,100,100,96,96,123,107,109,100,105,100,102,112,107,98,93,94,100,95,98,95,100,90,98,95,100,98,95,90,95,104,99,93,87,88,93,94,93,96,89,78,81,101,102,98,99,98,85,85,93,88,81,89,80,87,80,71,70,71,74,83,90,86,80,84,81,88,84,86,80,88,89,88,88,86,87,86,85,88,96,82,64,49,42,24
자동차,인력사정실적,전국실적(2009.8~),,107,98,84,78,92,87,90,82,86,83,85,84,94,95,86,88,88,88,85,85,88,88,91,87,89,93,97,94,92,90,92,97,98,100,99,92,89,87,92,90,90,94,93,88,89,87,93,96,87,91,91,93,102,95,95,88,87,91,86,85,88,96,91,88,93,102,96,94,95,100,96,99,98,95,98,96,97,96,100,99,98,102,104,99,101,102,101,105,100,102,101,94,97,100,101,104,102,96,99,101,105,111,102,102,103,95,93,92,98,96,102,98,102,99,100,99,100,103,106,104,104,103,107,104,109,107,106,109,116,124
조선·기타운수,매출실적,전국실적(2009.8~),,110,108,95,89,97,83,70,78,75,84,71,88,88,90,83,88,98,98,95,110,107,93,100,100,93,93,95,102,103,89,88,98,91,93,86,74,59,65,59,63,68,69,69,66,80,71,61,89,75,68,71,78,80,89,73,77,103,97,94,83,69,89,91,100,91,85,84,91,89,88,91,88,85,76,72,89,72,73,81,86,79,69,67,63,52,51,48,54,49,47,51,51,48,40,37,31,41,35,38,40,48,60,59,50,56,56,59,55,64,43,68,85,78,97,97,106,100,103,105,110,112,98,111,109,122,100,91,80,83,68
조선·기타운수,수출실적,전국실적(2009.8~),,113,113,100,91,97,82,77,86,91,87,75,97,110,103,100,100,97,103,97,106,97,84,97,110,97,94,97,91,97,85,88,84,81,83,84,65,54,68,52,63,63,69,73,71,81,81,75,100,78,72,87,97,85,84,78,83,97,93,86,88,67,84,81,88,90,90,82,93,84,88,95,91,91,86,74,89,74,78,81,82,81,76,80,83,63,61,63,62,52,53,57,56,46,52,58,41,46,43,40,43,54,59,59,52,65,55,60,64,76,59,64,88,82,104,104,113,107,104,104,111,100,82,121,107,120,96,96,73,77,78
조선·기타운수,생산실적,전국실적(2009.8~),,113,100,92,86,90,83,88,83,70,84,80,91,88,88,86,88,93,98,98,100,107,98,98,93,91,95,98,98,93,95,88,95,95,98,88,71,65,73,62,74,71,77,84,86,86,71,67,75,72,79,79,78,77,89,76,80,106,100,94,86,86,92,100,108,94,97,94,91,97,95,96,95,89,91,87,100,86,84,91,86,87,85,71,68,62,67,65,59,58,60,58,54,55,47,51,40,48,47,47,52,67,65,68,67,61,62,65,73,69,58,76,82,92,92,97,100,112,103,118,112,109,107,114,116,122,95,91,85,78,66
조선·기타운수,인력사정실적,전국실적(2009.8~),,105,103,100,103,110,103,90,105,93,100,100,102,93,93,83,88,93,100,98,88,91,102,93,93,100,95,98,93,95,93,102,86,88,90,93,94,106,103,100,106,106,114,109,109,103,100,103,103,113,103,105,106,106,108,97,94,94,92,92,97,89,92,89,92,94,106,106,103,106,88,93,98,93,91,96,100,93,96,95,89,84,92,102,108,112,108,108,115,102,112,107,112,119,119,121,120,113,116,120,117,117,119,118,124,122,126,122,105,110,105,97,108,103,100,108,94,98,100,100,88,95,93,86,91,98,100,98,105,110,115
가구,매출실적,전국실적(2009.8~),,92,126,94,118,119,122,103,103,106,108,77,77,79,74,74,83,73,92,78,89,91,65,64,61,74,106,94,82,72,79,68,56,48,58,48,63,66,61,57,58,66,71,74,85,79,63,59,66,74,85,73,71,61,91,82,92,87,80,92,89,98,83,80,89,94,73,84,88,86,89,89,90,78,87,76,83,100,81,91,78,76,85,83,77,73,84,76,81,81,71,74,74,71,71,68,73,78,94,90,70,75,76,67,68,77,78,83,86,85,83,81,75,78,72,74,70,64,59,61,57,62,69,61,80,71,77,65,66,47,48
가구,수출실적,전국실적(2009.8~),,56,63,80,53,65,73,54,87,83,67,63,67,89,75,92,108,67,85,109,100,117,69,79,108,82,100,100,92,73,100,77,86,80,73,82,94,80,90,68,84,96,97,89,93,92,96,96,83,86,93,88,93,81,87,88,91,90,84,89,93,91,93,83,82,75,77,83,76,86,88,93,84,78,89,81,83,91,85,93,88,81,96,83,80,96,83,74,70,92,77,65,70,79,76,77,85,88,92,82,77,88,84,85,96,88,87,100,70,90,94,80,76,76,74,65,76,89,100,95,67,95,121,100,96,107,94,71,72,79,68
가구,생산실적,전국실적(2009.8~),,92,111,103,109,100,122,105,108,103,105,77,79,76,69,74,76,71,87,86,94,103,78,69,78,77,91,94,91,75,85,74,69,58,64,55,74,66,78,65,68,73,80,93,91,85,86,84,82,80,98,86,85,84,91,80,96,96,88,98,83,91,94,96,93,96,82,95,93,95,103,95,94,89,96,92,100,102,90,87,90,82,94,89,81,84,89,86,90,85,86,80,89,84,84,79,83,90,100,98,83,90,82,81,79,89,94,93,88,94,90,86,79,85,81,84,78,69,70,66,72,70,69,75,83,70,75,71,77,59,57
가구,인력사정실적,전국실적(2009.8~),,85,80,83,62,72,75,85,76,94,80,90,92,103,92,95,83,88,85,84,72,83,81,86,92,80,79,87,79,86,85,88,88,100,100,112,102,73,83,86,96,91,98,81,83,85,92,84,93,87,85,84,94,95,90,80,89,87,88,82,92,84,79,90,75,79,88,82,86,88,89,84,77,82,87,84,89,82,90,80,76,78,90,76,87,86,80,83,85,81,80,80,79,88,96,91,96,90,83,78,78,77,82,79,81,85,88,88,94,77,87,96,97,90,93,91,89,101,103,106,103,101,93,90,99,97,100,95,110,112,108
"기타제품, 담배",매출실적,전국실적(2009.8~),,77,97,94,95,87,94,97,102,102,113,120,105,97,100,106,100,84,92,95,99,99,87,84,86,94,97,88,84,82,87,91,89,80,86,79,79,78,84,77,80,84,75,78,70,77,78,77,64,69,78,72,73,59,63,78,78,72,80,62,78,78,70,73,74,84,79,69,69,70,71,58,62,69,64,75,58,65,75,70,87,84,76,81,76,78,85,79,63,69,57,71,81,80,77,67,71,75,78,68,79,80,81,75,64,68,78,67,76,52,63,65,72,66,53,59,69,69,70,75,71,67,74,71,60,55,62,57,41,51,44
"기타제품, 담배",수출실적,전국실적(2009.8~),,76,84,89,76,74,75,105,94,90,109,113,116,105,112,109,102,74,98,95,98,100,88,80,77,100,100,88,84,78,85,100,77,80,65,71,87,100,100,78,100,72,74,65,72,79,80,94,78,81,84,78,69,63,86,69,72,79,83,62,78,68,69,69,74,85,76,68,68,75,79,72,74,81,67,71,71,71,72,74,67,71,79,71,73,70,79,65,78,71,68,74,74,79,92,95,97,90,87,86,86,97,84,83,67,68,59,70,69,61,59,74,76,78,66,66,76,82,81,80,79,72,72,66,58,65,67,45,55,47,26
"기타제품, 담배",생산실적,전국실적(2009.8~),,85,95,106,97,92,94,98,102,103,113,109,91,97,94,105,100,94,100,98,94,91,90,93,87,96,94,91,87,93,90,91,83,83,89,87,88,78,88,83,80,93,79,96,80,85,83,79,72,71,86,88,80,76,78,86,88,83,76,71,87,82,78,84,85,84,88,80,78,83,80,69,76,81,68,83,75,73,80,82,81,82,87,83,87,84,85,91,81,80,68,79,84,86,83,82,75,77,83,77,89,82,86,88,83,78,89,80,80,70,72,77,77,72,69,75,77,85,78,77,76,76,72,78,69,65,71,73,49,59,52
"기타제품, 담배",인력사정실적,전국실적(2009.8~),,98,95,91,82,92,97,88,85,84,83,80,97,89,95,97,91,97,92,92,88,96,100,96,91,101,95,96,90,94,91,97,94,91,94,101,91,90,86,96,98,100,100,93,105,106,98,96,100,102,100,98,102,104,104,102,104,102,98,102,107,104,96,102,91,96,102,100,87,98,98,102,98,100,102,100,100,97,98,96,94,91,106,97,105,91,90,100,102,95,113,98,95,85,87,92,87,95,90,92,87,82,96,103,95,98,85,85,92,90,91,89,93,94,98,103,95,95,104,100,93,99,99,96,99,104,105,103,106,106,117
대기업,매출실적,전국실적(2009.8~),,93,105,108,106,115,116,126,128,131,127,128,130,126,119,125,124,121,115,114,120,123,117,118,114,103,103,106,109,106,98,103,104,102,106,104,89,93,79,83,84,84,85,87,89,90,93,97,91,91,89,91,96,90,91,91,91,94,92,90,89,88,87,92,90,95,93,94,96,101,86,82,82,83,84,84,83,80,83,79,89,90,86,88,90,86,84,82,90,93,94,95,99,100,94,94,95,94,95,97,95,97,94,91,85,88,91,95,89,90,87,85,88,86,88,86,89,91,91,91,88,90,86,87,89,87,90,75,70,65,55
대기업,수출실적,전국실적(2009.8~),,93,102,102,102,111,116,123,125,129,122,127,128,126,119,120,123,120,116,113,119,121,115,116,113,103,102,104,108,106,101,105,105,105,108,105,90,94,82,88,86,84,85,88,94,93,97,99,96,92,92,94,97,87,94,91,94,96,94,92,93,90,87,92,91,96,93,96,97,99,88,86,82,83,84,82,84,80,85,82,89,91,87,88,89,87,85,85,91,91,93,93,95,96,93,92,94,91,92,94,95,98,95,92,86,89,90,97,91,94,90,90,93,89,92,90,90,94,93,93,90,95,90,91,91,88,91,79,75,67,58
대기업,생산실적,전국실적(2009.8~),,95,103,106,104,109,116,123,125,125,121,121,123,124,112,115,115,118,114,112,114,116,112,110,107,101,100,105,98,102,100,101,102,105,107,101,94,91,83,88,94,86,89,94,91,95,92,98,94,92,92,98,96,91,93,96,96,96,97,96,95,93,93,94,93,96,96,100,101,103,91,87,88,88,86,87,89,87,89,84,90,95,93,93,93,93,87,86,91,94,93,95,99,98,92,96,94,93,96,95,94,99,97,93,89,92,93,97,93,91,88,88,93,92,93,89,94,95,96,96,93,93,90,92,94,93,93,85,78,72,62
대기업,인력사정실적,전국실적(2009.8~),,101,99,97,96,97,98,93,96,96,94,94,94,94,97,93,94,95,97,97,98,97,97,95,97,99,99,99,102,100,101,103,100,101,103,103,99,103,104,102,102,102,103,103,103,100,99,101,103,102,103,102,105,103,103,103,104,101,100,98,99,101,101,101,100,103,102,103,99,99,97,100,100,100,99,100,102,100,102,103,100,101,101,101,101,103,101,101,102,101,101,101,101,102,100,100,100,102,99,101,100,99,100,101,100,100,99,98,96,95,95,96,97,100,99,100,99,100,97,97,98,99,98,98,99,102,102,101,101,104,109
중소기업,매출실적,전국실적(2009.8~),,89,94,98,98,95,103,99,104,112,111,107,108,105,100,101,102,101,102,99,104,110,106,104,100,94,96,93,91,90,82,88,90,92,91,89,86,81,82,80,74,72,76,77,77,83,87,85,81,80,82,83,79,82,85,86,88,91,89,83,79,76,75,76,83,79,83,83,81,84,78,66,69,71,69,76,71,72,69,66,70,74,72,70,72,72,73,74,76,75,75,76,77,83,81,77,77,78,79,74,78,77,75,72,67,74,82,80,76,75,74,73,76,75,72,73,73,77,76,74,68,68,68,68,71,75,70,67,52,51,39
중소기업,수출실적,전국실적(2009.8~),,88,90,93,94,90,98,96,99,102,105,101,102,105,103,100,100,92,101,101,100,104,100,100,99,95,94,96,94,86,85,93,92,95,89,93,96,87,91,89,80,79,80,81,86,89,96,92,88,83,91,89,82,87,85,85,92,92,90,84,80,77,76,76,81,78,87,86,86,87,79,71,75,79,75,77,72,73,73,66,63,73,70,74,74,79,79,78,80,76,77,81,82,87,86,82,81,79,81,85,82,77,81,79,73,82,84,81,74,84,82,83,78,78,78,84,79,81,82,81,75,72,77,77,74,78,77,71,60,50,42
중소기업,생산실적,전국실적(2009.8~),,92,96,99,99,97,105,104,107,110,111,109,108,105,100,100,102,100,102,101,105,108,105,103,101,97,98,96,92,90,84,90,92,94,92,92,85,81,88,82,76,77,81,83,85,91,92,89,86,85,86,92,86,90,90,88,93,96,93,85,85,83,85,87,89,85,95,93,86,89,87,77,77,78,79,81,82,80,79,76,75,79,78,77,82,79,79,82,85,81,82,84,86,86,84,84,84,82,86,78,82,80,79,80,78,81,86,88,80,81,81,84,82,81,80,81,84,85,84,80,76,77,76,76,78,78,79,78,61,56,49
중소기업,인력사정실적,전국실적(2009.8~),,93,90,89,90,93,90,88,86,85,83,85,84,86,86,85,88,90,89,88,84,84,84,86,86,88,88,90,91,91,92,91,89,88,89,89,85,85,81,85,87,90,91,88,83,82,78,84,89,88,85,89,89,91,88,86,84,85,87,90,91,89,90,87,88,87,94,92,93,92,90,94,93,92,89,93,90,92,91,92,92,89,96,93,90,89,89,86,93,89,87,87,86,83,88,87,88,88,84,85,86,89,91,95,93,94,84,84,86,85,87,88,91,92,91,93,90,88,93,92,92,92,94,95,90,94,96,93,96,104,109
중화학공업,매출실적,전국실적(2009.8~),,90,97,101,100,101,107,108,113,119,117,116,117,114,107,110,109,108,107,105,110,115,111,110,106,97,97,97,98,95,88,94,95,97,98,95,88,87,80,81,78,78,80,83,83,87,91,92,86,86,85,88,89,86,89,89,89,95,92,88,85,82,81,85,88,89,89,91,91,95,83,78,78,79,78,81,79,77,77,74,81,83,80,80,84,80,79,79,86,88,89,90,93,96,91,90,90,90,91,90,90,91,87,84,79,83,87,89,84,85,83,80,83,82,82,81,82,86,85,84,79,82,77,79,82,83,82,72,63,60,48
중화학공업,수출실적,전국실적(2009.8~),,90,96,96,99,99,106,107,109,114,113,113,114,116,111,109,109,105,108,106,107,112,106,107,106,98,96,99,99,93,90,99,98,100,98,98,93,92,86,89,83,82,82,87,91,91,97,96,94,89,92,93,92,87,90,89,93,95,93,90,89,85,83,86,88,89,92,95,95,96,85,82,81,82,82,80,80,77,82,77,83,85,81,84,84,84,84,84,89,88,90,91,93,95,92,90,91,89,91,93,93,92,91,88,83,87,89,92,86,92,89,88,88,86,87,89,86,90,89,88,85,87,86,87,85,84,86,78,70,62,53
중화학공업,생산실적,전국실적(2009.8~),,92,98,101,100,100,109,111,114,116,116,114,114,113,104,106,107,107,107,106,109,112,108,107,105,99,98,99,94,93,88,94,96,99,98,95,89,86,84,85,85,81,85,88,88,93,91,94,90,89,88,96,91,91,92,92,94,96,97,92,91,89,90,91,92,92,97,99,96,98,89,84,84,84,84,84,86,85,85,81,85,88,86,86,89,87,83,84,89,89,91,92,95,94,91,93,92,90,94,89,90,92,90,88,85,88,90,93,87,87,85,87,89,87,88,86,90,91,91,89,86,86,84,85,87,87,87,82,71,66,56
중화학공업,인력사정실적,전국실적(2009.8~),,96,93,92,92,95,93,90,89,88,86,89,88,89,90,88,91,93,93,92,89,89,88,89,90,92,92,94,96,95,96,96,93,94,95,95,93,95,95,96,97,97,98,97,95,92,90,94,97,96,95,97,99,98,96,96,95,94,94,94,95,95,96,94,94,95,98,98,97,96,95,98,98,97,96,97,98,97,99,100,98,97,99,99,97,98,97,96,99,97,95,95,96,95,96,95,96,97,93,96,95,96,97,99,98,98,92,92,91,90,91,92,94,96,95,97,95,94,95,94,95,96,96,96,94,97,99,97,98,103,108
경공업,매출실적,전국실적(2009.8~),,94,99,101,100,104,104,103,104,112,111,104,105,101,102,101,107,101,99,96,103,107,104,98,95,96,101,97,95,96,88,86,90,88,86,89,85,88,86,84,83,81,84,78,84,87,89,89,85,86,87,80,83,84,87,87,89,86,85,79,79,80,80,79,78,80,84,77,77,83,85,69,74,78,78,80,75,76,78,73,80,86,79,82,79,81,80,79,77,77,75,76,78,81,79,75,77,76,80,77,78,83,84,80,74,80,84,80,78,72,73,76,78,75,74,73,75,75,76,79,73,70,76,72,74,72,74,64,54,48,46
경공업,수출실적,전국실적(2009.8~),,88,90,94,89,91,96,95,101,100,102,100,97,99,102,102,105,94,99,100,109,106,102,102,98,100,103,101,100,95,95,92,95,94,91,95,87,90,85,84,84,83,87,79,86,92,88,92,86,86,87,85,86,82,90,89,92,88,88,82,82,80,80,79,80,85,85,79,80,83,86,76,76,83,78,83,81,79,79,79,77,84,83,81,83,83,77,74,83,79,80,80,77,82,83,82,84,82,79,83,81,85,86,87,76,83,80,83,80,79,77,79,82,82,80,80,84,84,85,88,83,81,80,79,76,80,79,66,63,51,44
경공업,생산실적,전국실적(2009.8~),,95,99,101,101,101,106,103,104,108,108,104,103,101,102,98,102,101,100,95,98,104,103,97,93,94,102,98,96,98,93,92,92,90,91,92,90,89,92,88,87,86,89,91,91,93,95,92,91,88,94,91,92,90,92,90,94,94,87,87,85,86,87,88,85,85,88,87,84,89,91,80,84,85,82,86,85,81,85,83,82,88,88,87,87,87,86,85,86,85,81,82,87,86,82,83,84,81,86,82,85,87,88,88,84,86,90,88,84,82,82,81,83,84,80,81,83,86,86,82,79,80,79,80,81,79,81,77,63,57,53
경공업,인력사정실적,전국실적(2009.8~),,91,91,88,90,92,90,90,88,88,85,82,87,86,84,87,86,87,86,85,84,85,85,87,87,87,88,89,89,92,90,92,90,87,88,89,89,88,81,83,88,89,90,92,88,86,84,88,89,90,90,91,89,94,93,91,91,92,92,94,97,96,93,94,93,96,97,96,91,93,94,95,93,94,93,96,95,94,95,95,94,93,99,94,97,93,91,94,96,93,98,95,91,89,92,92,90,95,90,89,90,89,94,95,94,95,87,87,91,89,92,91,93,93,94,97,94,94,97,96,94,97,98,96,96,98,100,97,101,109,112
수출기업,매출실적,전국실적(2009.8~),,93,103,106,104,104,110,116,117,125,123,123,125,119,111,114,111,110,108,109,109,116,110,108,104,94,98,97,99,95,88,97,97,99,105,102,93,93,91,92,87,87,87,86,95,97,102,101,94,93,93,93,87,86,93,87,85,90,85,82,82,75,76,82,82,92,86,91,95,93,81,79,76,79,83,86,80,78,79,69,82,84,76,81,84,84,78,79,85,88,89,90,96,97,93,94,93,90,93,99,96,94,91,89,81,86,90,90,87,90,88,87,88,87,87,84,88,94,91,88,90,90,85,88,89,87,88,74,72,63,51
수출기업,수출실적,전국실적(2009.8~),,95,106,105,103,107,111,116,116,123,119,125,123,119,112,113,112,108,108,109,110,116,108,108,105,97,97,100,100,96,88,97,100,100,104,103,92,96,90,92,88,85,84,87,97,98,102,102,94,92,95,94,90,84,94,88,91,91,89,84,85,79,78,82,84,92,88,93,96,92,84,81,79,82,84,84,81,79,80,72,81,84,79,81,83,85,83,84,88,88,88,91,96,99,94,94,93,92,94,102,98,94,94,91,82,90,92,93,90,93,91,91,90,91,88,87,88,93,91,89,92,91,88,89,89,88,89,76,76,63,54
수출기업,생산실적,전국실적(2009.8~),,94,100,103,100,102,109,119,117,121,121,119,122,117,107,107,108,111,107,107,108,111,111,107,103,97,97,100,95,92,88,93,96,103,104,100,94,93,96,91,96,87,88,93,97,101,95,100,93,94,95,97,89,90,95,90,93,89,93,89,88,84,86,87,86,93,93,103,100,98,89,81,83,83,85,85,85,85,85,78,83,91,85,86,90,93,86,85,89,89,90,91,95,95,95,100,94,92,100,98,94,95,95,96,89,93,93,97,93,91,91,90,95,93,92,89,94,96,97,95,95,93,91,91,94,95,92,84,77,67,57
수출기업,인력사정실적,전국실적(2009.8~),,99,95,94,94,96,98,90,92,90,91,88,89,89,90,94,95,95,97,96,97,94,92,95,95,100,96,98,100,99,98,100,97,97,99,98,100,102,100,98,100,100,100,100,99,96,96,96,99,101,101,102,106,105,102,104,102,100,99,99,100,102,103,101,102,101,101,103,102,103,99,105,101,101,100,100,103,100,102,103,100,101,103,101,100,101,97,99,103,101,97,98,100,96,96,96,96,99,94,99,97,98,98,101,101,100,97,96,92,93,93,93,97,98,98,99,97,98,95,94,98,99,97,97,96,99,101,97,100,104,111
내수기업,매출실적,전국실적(2009.8~),,89,95,99,98,100,105,103,109,114,112,109,109,107,103,106,108,105,105,101,109,113,109,108,105,98,98,97,96,96,88,91,93,93,91,89,84,84,73,75,74,73,76,80,76,80,83,86,81,82,81,83,89,86,86,89,92,94,94,89,85,86,84,85,89,83,89,86,84,93,84,74,78,78,75,77,77,76,76,77,81,83,82,80,82,78,80,79,84,84,84,86,87,91,86,82,84,85,86,81,83,86,83,80,76,81,84,86,81,78,77,75,79,77,77,77,77,78,79,80,71,73,73,72,76,78,76,69,55,55,46
내수기업,수출실적,전국실적(2009.8~),,85,87,89,93,91,99,97,102,104,105,100,103,108,108,104,105,98,104,101,106,106,103,104,103,99,96,98,98,92,92,98,95,97,91,93,91,89,81,85,79,80,82,84,84,87,91,89,93,85,88,90,91,88,86,89,95,96,95,91,89,88,86,87,88,84,93,91,89,95,86,81,81,82,79,77,79,76,82,81,81,85,83,86,85,83,84,81,88,85,88,88,86,88,88,85,87,83,84,82,85,89,88,86,81,84,83,90,80,88,83,83,84,80,84,87,84,85,86,87,77,80,81,81,77,79,81,76,63,57,50
내수기업,생산실적,전국실적(2009.8~),,92,97,100,101,99,108,104,110,112,111,109,107,107,102,104,104,103,106,103,108,111,105,104,103,99,99,99,94,95,90,93,95,95,93,92,87,82,78,82,79,78,83,86,83,88,90,90,89,85,86,94,93,91,90,93,95,100,96,92,91,91,91,93,93,89,97,93,89,95,90,84,85,85,82,84,86,83,85,83,85,87,88,86,87,83,82,84,88,88,88,90,92,91,86,86,88,86,88,82,86,89,86,84,83,85,88,90,83,83,81,83,84,83,84,83,86,86,86,84,78,80,79,80,82,81,83,80,65,63,55
내수기업,인력사정실적,전국실적(2009.8~),,94,91,90,91,94,89,89,88,88,83,87,86,87,89,85,87,90,89,88,84,85,86,85,87,87,88,90,92,92,94,93,90,90,91,92,88,90,88,92,92,94,95,94,91,88,85,91,94,92,91,92,92,93,92,90,89,89,90,91,92,91,91,90,88,91,96,94,92,90,91,93,95,94,92,95,94,95,96,96,95,93,97,96,95,95,95,93,95,93,94,93,92,93,95,94,95,95,92,92,92,93,95,97,95,96,88,89,90,89,90,91,92,94,94,95,93,92,95,95,94,94,96,96,94,97,98,97,98,104,108
비제조업,매출실적,전국실적(2009.8~),,84,87,93,90,98,95,96,95,99,100,96,101,95,94,94,94,95,93,88,88,93,94,97,91,88,90,93,88,86,88,85,90,90,90,89,80,81,81,76,77,78,77,77,77,79,76,76,78,77,78,76,79,77,77,78,76,80,79,76,78,79,80,78,77,79,80,81,78,82,84,71,80,77,79,81,80,77,76,76,77,80,76,80,80,80,82,81,84,87,84,84,87,89,85,86,86,85,87,85,89,90,88,89,86,85,87,87,83,82,81,81,83,81,79,76,78,78,76,75,76,76,75,77,80,80,79,69,53,52,56
비제조업,인력사정실적,전국실적(2009.8~),,95,95,94,95,94,93,94,91,91,92,91,92,93,89,90,91,93,93,91,90,90,90,88,90,90,90,89,90,90,91,92,89,89,89,90,83,83,84,84,87,89,89,90,86,85,86,88,85,87,88,86,85,85,88,88,87,88,89,89,89,86,86,87,88,90,91,89,87,87,87,86,89,87,90,86,88,86,89,88,87,87,87,86,86,87,89,88,88,90,88,85,88,86,83,86,86,86,85,88,86,87,88,88,87,87,82,81,84,83,84,83,84,85,83,82,83,84,82,86,83,84,83,83,84,86,84,82,84,82,83
어업,매출실적,전국실적(2009.8~),,96,135,118,100,104,96,86,62,61,76,77,79,89,89,125,103,113,117,87,79,74,90,88,87,84,78,90,87,83,106,93,119,77,107,100,86,87,97,71,82,82,59,74,49,61,68,41,58,56,66,54,53,65,69,43,53,40,61,65,61,83,81,69,80,66,48,66,67,75,63,67,62,82,72,68,76,57,73,68,65,66,79,65,73,66,56,73,63,62,62,77,73,81,87,94,94,81,100,81,75,83,73,58,71,59,74,51,78,71,95,80,83,58,77,66,68,59,48,44,55,46,44,39,39,47,65,45,37,44,50
어업,인력사정실적,전국실적(2009.8~),,86,90,93,93,96,93,93,96,86,93,90,90,89,86,89,87,93,90,90,90,81,84,88,80,77,81,77,80,83,84,80,81,70,83,86,82,80,79,76,71,82,82,88,86,79,87,86,82,76,74,83,82,84,92,89,86,80,86,82,81,89,94,80,83,89,70,80,85,91,70,73,73,79,81,68,73,71,85,76,71,71,70,71,76,72,63,80,75,83,86,67,70,61,74,90,79,84,83,81,79,90,73,74,68,75,74,79,80,86,87,88,88,87,85,80,78,82,88,93,93,76,79,78,85,77,79,80,79,77,83
광업,매출실적,전국실적(2009.8~),,79,71,75,73,90,71,87,80,94,110,115,84,81,71,81,91,88,76,68,84,100,103,91,68,82,91,81,71,85,64,75,68,79,76,81,85,71,71,62,72,74,65,60,67,78,82,74,75,76,68,77,76,70,76,68,68,78,82,76,68,71,70,53,65,49,68,74,82,82,71,66,79,83,74,72,93,69,76,86,86,93,100,96,100,104,111,89,86,84,78,68,86,100,78,79,70,59,67,73,88,69,68,57,65,67,79,89,64,61,62,63,71,54,51,59,64,77,70,68,61,53,75,61,78,71,67,68,54,51,47
광업,인력사정실적,전국실적(2009.8~),,103,88,100,100,93,103,97,93,84,83,82,84,91,94,78,97,97,88,97,84,91,93,94,84,91,97,88,87,91,88,100,91,97,85,97,90,103,97,100,89,88,100,100,92,92,97,92,98,92,100,90,98,93,98,100,98,100,95,97,88,90,98,98,90,95,95,100,92,92,92,88,76,93,85,86,89,93,103,93,93,86,89,81,76,84,78,81,79,76,81,75,93,82,78,86,93,78,78,88,79,73,76,91,88,83,74,86,78,72,73,83,89,89,81,78,75,87,86,81,89,79,81,81,89,83,89,81,89,84,89
전기·가스·증기,매출실적,전국실적(2009.8~),,95,89,88,86,100,123,110,108,111,122,123,131,126,118,125,133,137,133,113,113,105,105,115,118,115,113,128,93,108,115,120,117,121,114,103,114,116,107,98,109,131,121,118,100,107,127,115,118,127,110,109,109,102,79,89,95,84,73,70,76,74,84,75,78,89,89,86,83,91,64,66,64,49,52,56,58,42,55,70,70,65,62,59,64,70,73,79,86,93,78,89,94,96,93,96,90,100,96,98,102,113,122,127,102,98,102,102,98,110,98,98,96,98,92,87,88,85,92,83,93,92,92,87,83,92,82,78,74,61,59
전기·가스·증기,인력사정실적,전국실적(2009.8~),,84,94,93,80,92,93,87,84,92,86,92,90,97,90,90,95,92,89,95,97,92,95,83,85,90,82,97,93,88,85,93,90,95,86,81,88,81,84,80,91,87,93,86,82,80,86,93,91,91,90,91,86,86,88,86,91,87,87,88,89,88,87,89,89,96,89,95,95,86,89,90,95,93,91,92,94,94,94,94,93,89,90,98,93,95,98,100,95,98,96,91,96,96,89,98,96,91,94,98,93,94,98,98,98,95,96,90,90,90,88,87,94,86,90,90,88,83,85,87,83,92,88,91,88,91,92,90,92,86,82
"하수·폐기물 처리,원료재생",매출실적,전국실적(2009.8~),,,,,,,,,,,,,,,,,,,,,,,,,,,,,,,,,,,,,61,58,68,63,66,66,57,57,68,77,69,59,61,62,59,64,67,69,72,70,66,75,78,69,67,67,68,75,65,70,62,58,58,64,76,67,66,58,62,65,64,57,59,62,51,69,65,73,71,74,76,69,70,85,86,87,89,94,88,92,87,91,97,90,87,83,78,86,81,99,90,90,94,80,84,79,79,81,78,82,72,86,73,82,79,75,71,78,73,77,65,63,51,57,52
"하수·폐기물 처리,원료재생",인력사정실적,전국실적(2009.8~),,,,,,,,,,,,,,,,,,,,,,,,,,,,,,,,,,,,,81,83,83,90,86,91,90,95,83,86,89,85,81,87,85,84,82,89,84,84,83,90,87,93,94,89,91,89,93,91,91,91,83,88,80,82,81,72,82,79,82,84,81,86,76,80,76,74,79,78,78,86,84,80,76,79,84,83,81,80,81,85,92,83,83,87,85,92,81,90,80,80,85,78,77,79,85,84,89,89,89,92,82,87,89,88,91,86,84,81,81,78,88,86,82
건설업,매출실적,전국실적(2009.8~),,92,92,101,97,107,90,90,85,83,88,74,89,82,84,80,75,75,84,79,81,80,77,79,76,74,75,74,77,75,84,80,82,89,85,82,71,68,72,70,71,75,69,68,70,74,72,71,79,75,71,69,79,71,70,76,71,67,76,71,74,70,77,69,68,68,72,74,67,74,72,77,77,74,80,76,78,75,80,74,71,76,73,76,76,81,88,85,80,85,81,80,82,86,80,88,86,80,82,87,89,87,84,81,80,75,80,79,76,75,75,80,80,75,76,66,74,76,74,66,66,66,64,69,66,71,73,69,63,58,59
건설업,인력사정실적,전국실적(2009.8~),,103,104,104,101,103,99,103,97,97,98,95,99,106,97,99,92,101,101,100,95,97,97,96,96,96,95,91,89,91,96,97,94,90,95,93,83,83,88,78,86,90,85,97,87,83,93,91,82,86,93,81,84,82,90,90,87,84,88,89,91,90,90,94,101,88,96,86,89,88,85,87,89,81,89,85,88,86,84,89,84,83,83,80,85,82,87,85,88,92,90,83,88,84,83,88,86,82,83,85,88,84,87,91,89,87,80,82,90,86,85,84,81,87,88,83,81,85,80,93,84,84,81,86,83,88,83,80,82,80,79
도소매업,매출실적,전국실적(2009.8~),,89,97,103,99,99,95,94,103,107,110,102,104,101,103,95,101,99,102,97,98,106,101,109,102,93,100,97,94,88,88,78,89,80,88,88,75,82,77,73,73,70,74,78,73,77,75,73,80,75,82,72,80,74,76,79,80,85,81,79,76,80,81,78,75,77,79,78,75,80,86,66,82,79,78,86,84,73,69,75,79,77,78,82,78,79,74,78,82,86,87,86,87,93,84,86,86,88,88,79,87,91,90,91,87,85,88,92,84,82,76,84,86,78,82,79,74,72,71,71,67,70,79,76,78,75,76,64,46,46,52
도소매업,인력사정실적,전국실적(2009.8~),,95,91,93,95,93,91,91,90,87,88,90,89,87,83,85,89,88,88,85,83,89,87,84,90,90,85,85,91,90,92,91,84,86,88,88,85,79,84,86,90,90,92,89,89,85,83,83,80,89,87,88,85,83,87,91,95,93,92,92,93,88,87,87,87,92,94,91,86,88,89,90,90,89,92,87,89,86,90,87,89,89,86,87,86,88,89,91,88,89,88,86,92,88,81,83,85,85,85,87,85,89,87,90,87,88,81,81,83,86,81,85,82,85,83,82,84,86,83,85,83,85,81,82,87,86,82,83,83,80,84
운수창고업,매출실적,전국실적(2009.8~),,72,66,83,79,93,110,100,120,118,112,118,118,115,115,111,102,108,102,97,91,105,103,99,97,94,96,101,89,96,92,94,103,102,108,105,90,92,96,79,89,95,81,85,89,85,68,84,77,84,86,93,82,87,84,91,81,94,93,91,83,95,88,94,91,99,95,93,88,99,89,67,78,77,86,88,77,79,80,69,72,82,80,81,80,73,78,77,89,84,93,84,85,90,90,89,94,86,95,91,96,96,94,91,98,96,98,90,88,94,92,88,99,91,85,84,97,89,91,91,92,90,89,84,93,88,86,69,55,50,55
운수창고업,인력사정실적,전국실적(2009.8~),,98,96,90,93,85,90,95,80,84,93,87,85,87,85,88,90,84,90,86,88,85,84,88,88,87,87,91,90,86,85,90,89,91,88,90,83,88,85,90,86,90,92,90,89,92,89,95,91,90,97,92,88,92,88,91,89,86,95,88,91,89,90,95,96,92,91,89,88,81,84,78,85,85,91,77,84,77,90,91,91,89,89,90,87,93,90,83,94,91,85,84,86,85,80,80,85,85,86,89,84,86,89,85,87,87,88,85,81,80,84,88,84,88,87,86,94,88,85,85,87,85,86,87,77,87,89,87,88,91,95
숙박업,매출실적,전국실적(2009.8~),,70,80,74,83,94,90,78,98,110,105,118,116,105,108,133,120,119,94,90,107,108,116,114,114,114,106,119,115,116,91,94,100,108,98,102,111,106,109,92,83,71,73,67,69,67,64,69,59,64,72,67,74,78,63,74,68,93,78,73,70,72,68,89,82,82,89,68,79,67,92,35,29,52,59,65,67,59,72,67,69,87,87,113,128,124,108,110,86,104,63,84,81,98,77,75,68,73,84,68,78,79,73,72,78,84,100,86,82,95,81,107,88,86,69,59,67,74,85,85,91,98,81,87,98,94,93,30,8,11,10
숙박업,인력사정실적,전국실적(2009.8~),,82,83,87,83,80,89,90,85,83,85,89,85,85,75,72,77,75,87,83,82,77,69,78,80,75,81,79,75,84,81,86,82,76,75,79,80,77,85,79,88,81,90,90,90,92,89,83,91,85,91,87,83,87,85,83,77,87,91,86,87,83,85,83,73,78,87,77,88,78,82,94,92,87,82,81,83,81,80,75,75,78,72,78,72,71,72,80,76,78,83,80,79,79,77,75,72,69,72,77,65,66,78,76,82,78,72,73,74,75,87,77,83,77,78,67,70,72,77,70,75,77,76,73,77,73,74,68,77,91,81
정보통신업,매출실적,전국실적(2009.8~),,72,75,80,83,100,98,104,94,110,103,104,110,97,89,103,99,110,101,88,82,87,95,98,92,94,93,97,95,90,88,86,80,83,85,86,84,92,84,81,85,81,83,91,92,81,78,81,85,79,84,83,83,82,89,79,77,78,81,76,82,87,84,84,86,87,82,89,86,86,89,74,85,78,77,77,75,88,83,83,89,95,77,87,79,86,91,88,92,95,94,93,98,98,87,80,87,90,89,89,86,98,81,98,100,99,92,84,90,82,89,73,84,85,81,82,79,86,85,84,86,84,76,87,93,101,96,84,53,60,63
정보통신업,인력사정실적,전국실적(2009.8~),,91,97,89,92,94,95,91,92,92,96,93,93,92,92,91,93,92,91,91,93,94,89,85,86,89,91,83,91,91,88,87,91,89,89,93,72,84,83,88,94,85,86,82,83,81,82,86,88,84,83,81,87,87,91,84,82,88,77,87,82,83,82,81,79,84,85,92,88,92,91,88,91,92,94,94,90,88,92,89,89,90,95,87,90,92,95,95,90,93,91,83,89,89,86,88,91,92,94,94,88,92,92,90,89,92,80,73,80,80,89,75,82,82,70,78,74,74,77,80,75,75,78,78,81,84,84,78,82,75,74
부동산업,매출실적,전국실적(2009.8~),,90,88,89,92,104,98,105,93,96,85,91,90,89,87,88,88,88,84,89,88,93,102,97,92,87,90,88,80,80,75,87,87,90,80,82,61,55,59,61,62,58,69,62,68,70,74,69,69,64,68,68,64,62,76,73,75,70,74,76,74,72,72,73,75,70,77,77,78,78,88,76,92,88,88,84,93,90,84,89,82,82,76,89,88,85,91,91,98,94,77,83,84,78,86,86,86,81,80,83,88,82,80,85,77,78,71,69,68,64,68,71,66,74,70,65,67,65,62,64,69,70,69,72,69,69,71,68,58,60,64
부동산업,인력사정실적,전국실적(2009.8~),,91,92,94,98,96,95,97,93,96,92,93,95,96,93,90,95,98,91,91,88,86,93,89,90,95,94,98,90,95,92,92,92,90,88,90,93,86,88,87,89,96,93,97,94,96,96,93,94,90,88,89,87,86,89,90,85,84,92,88,82,84,83,84,80,86,89,85,81,84,88,81,83,86,78,92,81,81,84,84,83,84,86,89,86,85,81,88,81,85,84,89,82,79,86,90,88,89,75,84,77,79,85,85,86,87,84,80,79,77,81,79,83,84,84,82,76,79,76,86,85,81,85,82,81,82,81,83,83,77,80
전문·과학·기술,매출실적,전국실적(2009.8~),,92,89,100,85,97,86,108,82,86,92,94,87,83,84,83,86,83,75,68,67,77,86,82,70,69,70,80,78,70,80,86,94,90,83,82,74,71,81,77,71,77,73,70,68,74,69,64,71,68,66,71,71,69,71,67,73,75,73,74,84,75,77,70,74,78,81,83,77,79,86,74,80,78,75,80,77,83,71,68,69,73,70,73,83,78,79,70,75,80,69,78,76,77,76,76,75,76,72,78,83,80,83,83,80,77,90,88,76,77,85,75,78,86,85,79,81,78,74,85,83,80,75,80,86,86,82,77,56,54,59
전문·과학·기술,인력사정실적,전국실적(2009.8~),,94,102,102,101,102,99,95,102,97,105,103,107,107,112,110,106,114,104,103,110,101,101,106,104,100,106,99,106,101,104,97,87,101,97,96,92,93,93,88,88,92,97,97,91,100,96,99,97,99,100,101,96,98,96,89,89,97,94,100,100,94,97,97,96,102,99,95,96,96,99,95,94,89,94,88,98,94,95,92,93,88,90,89,90,91,99,88,94,92,89,92,84,87,87,93,85,88,87,86,91,90,91,84,87,88,80,86,92,85,80,83,86,88,84,80,82,85,81,89,83,87,85,81,90,87,85,83,85,86,86
사업시설·사업지원·임대업,매출실적,전국실적(2009.8~),,81,90,82,93,96,87,98,95,100,102,87,98,85,78,85,90,92,82,87,82,95,102,100,103,98,95,108,105,95,80,77,85,93,90,92,88,95,96,88,90,83,84,83,87,90,77,88,78,79,74,78,78,91,82,81,73,89,86,84,93,92,82,90,88,90,89,87,95,101,102,93,94,97,98,98,96,94,90,92,87,91,86,88,91,88,87,85,79,92,89,88,90,89,91,89,90,88,88,86,87,86,90,79,81,91,82,94,85,80,76,77,74,73,70,66,74,75,73,74,73,71,73,71,81,72,69,62,46,48,47
사업시설·사업지원·임대업,인력사정실적,전국실적(2009.8~),,88,86,79,83,87,78,80,88,93,91,85,91,85,80,78,81,88,96,89,80,82,87,80,80,85,82,82,77,80,77,85,86,83,78,84,75,79,75,78,80,83,76,77,72,76,71,77,80,75,72,79,70,80,83,80,80,82,86,82,78,78,76,75,76,82,81,83,80,81,79,80,90,86,85,83,83,85,85,83,80,80,83,79,84,81,84,83,84,84,86,79,84,85,89,86,83,84,84,89,87,86,90,85,81,81,77,78,80,82,85,81,86,81,82,83,88,86,85,82,88,84,90,89,86,83,85,82,87,88,86
예술·스포츠·여가,매출실적,전국실적(2009.8~),,62,71,68,67,62,67,63,50,59,74,68,80,77,81,85,85,68,48,75,86,76,76,88,67,71,76,79,86,83,98,73,87,97,95,90,95,72,65,78,62,45,62,43,73,75,75,54,50,49,71,53,62,79,78,75,65,73,51,45,63,53,69,61,76,61,73,72,69,72,76,56,58,73,87,82,77,81,76,68,75,102,78,81,89,70,81,78,88,66,74,67,86,76,80,85,75,66,84,80,97,68,66,48,62,63,86,83,86,77,90,84,76,81,68,83,83,90,88,79,89,91,72,85,94,94,94,65,25,43,50
예술·스포츠·여가,인력사정실적,전국실적(2009.8~),,93,83,92,92,88,85,100,83,89,70,68,68,65,63,69,67,86,88,83,79,71,71,70,74,68,84,77,81,90,95,95,89,87,83,85,68,67,71,65,70,80,90,80,73,63,63,76,68,70,63,67,69,71,78,75,59,69,67,71,67,61,63,69,76,71,71,72,63,70,76,82,88,84,92,77,86,88,92,90,85,86,84,70,76,74,80,68,80,83,76,73,77,71,69,70,73,72,70,80,84,74,82,75,75,70,79,71,76,74,78,79,76,79,79,77,78,76,79,73,80,76,77,76,81,81,85,75,75,79,84
서비스업,매출실적,전국실적(2009.8~),,82,85,91,89,96,95,97,97,103,102,101,102,97,96,96,97,98,93,90,89,96,98,100,94,90,93,95,91,88,87,83,90,88,90,90,80,83,81,77,77,75,76,77,78,79,74,74,76,74,78,76,77,77,79,79,77,82,80,78,79,81,80,80,80,81,82,82,80,84,88,71,82,80,82,85,83,81,77,77,79,83,78,83,83,81,82,81,86,87,85,85,87,89,85,85,86,84,86,83,88,89,86,87,87,86,88,87,83,81,81,80,83,81,79,77,78,77,76,77,77,77,77,79,83,82,80,69,49,50,55
서비스업,인력사정실적,전국실적(2009.8~),,94,93,92,94,92,91,92,90,90,91,90,91,89,87,88,90,91,91,89,88,88,88,86,89,89,89,88,90,90,90,91,87,89,88,89,82,83,84,85,88,89,90,88,86,86,84,87,85,87,87,87,85,86,88,87,87,89,89,89,88,85,85,86,86,89,90,89,86,86,88,86,89,88,90,86,88,85,90,88,88,87,88,86,86,88,89,88,88,89,87,85,87,85,83,85,85,86,85,87,85,87,88,87,86,86,81,80,82,82,83,82,83,84,82,81,83,83,82,84,83,83,83,82,84,85,84,82,84,82,84
